bound_mode,mechanism,oversubscription,n_tenants,seed,valid_throughput_Bpns,admission_p99_ns,pinned_peak,reclaimable_capacity_frac,rpe_payload_frac,stale_admits,stale_admit_rate,retries,retries_per_descriptor,evict_fired,evict_blocked
capacity,PROSE,2,16,0,2.097152,9.0,32,0.9375,0.0,0,0.0,0,0.0,0,2199
capacity,GENONLY,2,16,0,1.73686784,9.0,32,0.9375,0.171796875,0,0.0,0,0.0,2199,0
capacity,GENONLY_EF,2,16,0,1.7585926446309699,9.0,32,0.9375,0.16143768089725036,0,0.0,0,0.0,2199,0
capacity,PROSE,2,16,1,2.097152,9.0,32,0.9375,0.0,0,0.0,0,0.0,0,2222
capacity,GENONLY,2,16,1,1.73309952,9.0,32,0.9375,0.17359375,0,0.0,0,0.0,2222,0
capacity,GENONLY_EF,2,16,1,1.7550515508731306,9.0,32,0.9375,0.16312620598166908,0,0.0,0,0.0,2222,0
capacity,PROSE,2,16,2,2.097152,9.0,32,0.9375,0.0,0,0.0,0,0.0,0,2214
capacity,GENONLY,2,16,2,1.73441024,9.0,32,0.9375,0.17296875,0,0.0,0,0.0,2214,0
capacity,GENONLY_EF,2,16,2,1.756283235658466,9.0,32,0.9375,0.16253889290882778,0,0.0,0,0.0,2214,0
capacity,PROSE,2,16,3,2.097152,9.0,32,0.9375,0.0,0,0.0,0,0.0,0,2293
capacity,GENONLY,2,16,3,1.72146688,9.0,32,0.9375,0.179140625,0,0.0,0,0.0,2293,0
capacity,GENONLY_EF,2,16,3,1.7441203484032803,9.0,32,0.9375,0.16833860950313553,0,0.0,0,0.0,2293,0
capacity,PROSE,2,16,4,2.097152,9.0,32,0.9375,0.0,0,0.0,0,0.0,0,2214
capacity,GENONLY,2,16,4,1.73441024,9.0,32,0.9375,0.17296875,0,0.0,0,0.0,2214,0
capacity,GENONLY_EF,2,16,4,1.756283235658466,9.0,32,0.9375,0.16253889290882778,0,0.0,0,0.0,2214,0
capacity,PROSE,2,16,5,2.097152,9.0,32,0.9375,0.0,0,0.0,0,0.0,0,2253
capacity,GENONLY,2,16,5,1.72802048,9.0,32,0.9375,0.176015625,0,0.0,0,0.0,2253,0
capacity,GENONLY_EF,2,16,5,1.7502787723299567,9.0,32,0.9375,0.1654020441389291,0,0.0,0,0.0,2253,0
capacity,PROSE,2,16,6,2.097152,9.0,32,0.9375,0.0,0,0.0,0,0.0,0,2276
capacity,GENONLY,2,16,6,1.72425216,9.0,32,0.9375,0.1778125,0,0.0,0,0.0,2276,0
capacity,GENONLY_EF,2,16,6,1.7467376785721176,9.0,32,0.9375,0.1670905692233478,0,0.0,0,0.0,2276,0
capacity,PROSE,2,16,7,2.097152,9.0,32,0.9375,0.0,0,0.0,0,0.0,0,2310
capacity,GENONLY,2,16,7,1.7186816,9.0,32,0.9375,0.18046875,0,0.0,0,0.0,2310,0
capacity,GENONLY_EF,2,16,7,1.7415030182344429,9.0,32,0.9375,0.1695866497829233,0,0.0,0,0.0,2310,0
capacity,PROSE,2,16,8,2.097152,9.0,32,0.9375,0.0,0,0.0,0,0.0,0,2212
capacity,GENONLY,2,16,8,1.73473792,9.0,32,0.9375,0.1728125,0,0.0,0,0.0,2212,0
capacity,GENONLY_EF,2,16,8,1.7565911568548,9.0,32,0.9375,0.16239206464061745,0,0.0,0,0.0,2212,0
capacity,PROSE,2,16,9,2.097152,9.0,32,0.9375,0.0,0,0.0,0,0.0,0,2261
capacity,GENONLY,2,16,9,1.72670976,9.0,32,0.9375,0.176640625,0,0.0,0,0.0,2261,0
capacity,GENONLY_EF,2,16,9,1.7490470875446211,9.0,32,0.9375,0.16598935721177038,0,0.0,0,0.0,2261,0
capacity,PROSE,4,16,0,2.097152,9.0,32,0.9375,0.0,0,0.0,0,0.0,0,2243
capacity,GENONLY,4,16,0,1.72965888,9.0,32,0.9375,0.175234375,0,0.0,0,0.0,2243,0
capacity,GENONLY_EF,4,16,0,1.7518183783116257,9.0,32,0.9375,0.1646679027978775,0,0.0,0,0.0,2243,0
capacity,PROSE,4,16,1,2.097152,9.0,32,0.9375,0.0,0,0.0,0,0.0,0,2315
capacity,GENONLY,4,16,1,1.7178624,9.0,32,0.9375,0.180859375,0,0.0,0,0.0,2315,0
capacity,GENONLY_EF,4,16,1,1.7407332152436084,9.0,32,0.9375,0.16995372045344911,0,0.0,0,0.0,2315,0
capacity,PROSE,4,16,2,2.097152,9.0,32,0.9375,0.0,0,0.0,0,0.0,0,2227
capacity,GENONLY,4,16,2,1.73228032,9.0,32,0.9375,0.173984375,0,0.0,0,0.0,2227,0
capacity,GENONLY_EF,4,16,2,1.754281747882296,9.0,32,0.9375,0.16349327665219487,0,0.0,0,0.0,2227,0
capacity,PROSE,4,16,3,2.097152,9.0,32,0.9375,0.0,0,0.0,0,0.0,0,2227
capacity,GENONLY,4,16,3,1.73228032,9.0,32,0.9375,0.173984375,0,0.0,0,0.0,2227,0
capacity,GENONLY_EF,4,16,3,1.754281747882296,9.0,32,0.9375,0.16349327665219487,0,0.0,0,0.0,2227,0
capacity,PROSE,4,16,4,2.097152,9.0,32,0.9375,0.0,0,0.0,0,0.0,0,2194
capacity,GENONLY,4,16,4,1.73768704,9.0,32,0.9375,0.17140625,0,0.0,0,0.0,2194,0
capacity,GENONLY_EF,4,16,4,1.7593624476218042,9.0,32,0.9375,0.16107061022672453,0,0.0,0,0.0,2194,0
capacity,PROSE,4,16,5,2.097152,9.0,32,0.9375,0.0,0,0.0,0,0.0,0,2212
capacity,GENONLY,4,16,5,1.73473792,9.0,32,0.9375,0.1728125,0,0.0,0,0.0,2212,0
capacity,GENONLY_EF,4,16,5,1.7565911568548,9.0,32,0.9375,0.16239206464061745,0,0.0,0,0.0,2212,0
capacity,PROSE,4,16,6,2.097152,9.0,32,0.9375,0.0,0,0.0,0,0.0,0,2246
capacity,GENONLY,4,16,6,1.72916736,9.0,32,0.9375,0.17546875,0,0.0,0,0.0,2246,0
capacity,GENONLY_EF,4,16,6,1.7513564965171247,9.0,32,0.9375,0.16488814520019296,0,0.0,0,0.0,2246,0
capacity,PROSE,4,16,7,2.097152,9.0,32,0.9375,0.0,0,0.0,0,0.0,0,2213
capacity,GENONLY,4,16,7,1.73457408,9.0,32,0.9375,0.172890625,0,0.0,0,0.0,2213,0
capacity,GENONLY_EF,4,16,7,1.7564371962566327,9.0,32,0.9375,0.16246547877472264,0,0.0,0,0.0,2213,0
capacity,PROSE,4,16,8,2.097152,9.0,32,0.9375,0.0,0,0.0,0,0.0,0,2285
capacity,GENONLY,4,16,8,1.7227776,9.0,32,0.9375,0.178515625,0,0.0,0,0.0,2285,0
capacity,GENONLY_EF,4,16,8,1.7453520331886154,9.0,32,0.9375,0.16775129643029427,0,0.0,0,0.0,2285,0
capacity,PROSE,4,16,9,2.097152,9.0,32,0.9375,0.0,0,0.0,0,0.0,0,2251
capacity,GENONLY,4,16,9,1.72834816,9.0,32,0.9375,0.175859375,0,0.0,0,0.0,2251,0
capacity,GENONLY_EF,4,16,9,1.7505866935262904,9.0,32,0.9375,0.16525521587071876,0,0.0,0,0.0,2251,0
capacity,PROSE,8,16,0,2.097152,9.0,32,0.9375,0.0,0,0.0,0,0.0,0,2302
capacity,GENONLY,8,16,0,1.71999232,9.0,32,0.9375,0.17984375,0,0.0,0,0.0,2302,0
capacity,GENONLY_EF,8,16,0,1.7427347030197782,9.0,32,0.9375,0.168999336710082,0,0.0,0,0.0,2302,0
capacity,PROSE,8,16,1,2.097152,9.0,32,0.9375,0.0,0,0.0,0,0.0,0,2250
capacity,GENONLY,8,16,1,1.728512,9.0,32,0.9375,0.17578125,0,0.0,0,0.0,2250,0
capacity,GENONLY_EF,8,16,1,1.7507406541244572,9.0,32,0.9375,0.1651818017366136,0,0.0,0,0.0,2250,0
capacity,PROSE,8,16,2,2.097152,9.0,32,0.9375,0.0,0,0.0,0,0.0,0,2269
capacity,GENONLY,8,16,2,1.72539904,9.0,32,0.9375,0.177265625,0,0.0,0,0.0,2269,0
capacity,GENONLY_EF,8,16,2,1.7478154027592863,9.0,32,0.9375,0.16657667028461165,0,0.0,0,0.0,2269,0
capacity,PROSE,8,16,3,2.097152,9.0,32,0.9375,0.0,0,0.0,0,0.0,0,2163
capacity,GENONLY,8,16,3,1.74276608,9.0,32,0.9375,0.168984375,0,0.0,0,0.0,2163,0
capacity,GENONLY_EF,8,16,3,1.764135226164978,9.0,32,0.9375,0.15879477206946455,0,0.0,0,0.0,2163,0
capacity,PROSE,8,16,4,2.097152,9.0,32,0.9375,0.0,0,0.0,0,0.0,0,2184
capacity,GENONLY,8,16,4,1.73932544,9.0,32,0.9375,0.170625,0,0.0,0,0.0,2184,0
capacity,GENONLY_EF,8,16,4,1.7609020536034734,9.0,32,0.9375,0.16033646888567293,0,0.0,0,0.0,2184,0
capacity,PROSE,8,16,5,2.097152,9.0,32,0.9375,0.0,0,0.0,0,0.0,0,2214
capacity,GENONLY,8,16,5,1.73441024,9.0,32,0.9375,0.17296875,0,0.0,0,0.0,2214,0
capacity,GENONLY_EF,8,16,5,1.756283235658466,9.0,32,0.9375,0.16253889290882778,0,0.0,0,0.0,2214,0
capacity,PROSE,8,16,6,2.097152,9.0,32,0.9375,0.0,0,0.0,0,0.0,0,2197
capacity,GENONLY,8,16,6,1.73719552,9.0,32,0.9375,0.171640625,0,0.0,0,0.0,2197,0
capacity,GENONLY_EF,8,16,6,1.7589005658273036,9.0,32,0.9375,0.16129085262904003,0,0.0,0,0.0,2197,0
capacity,PROSE,8,16,7,2.097152,9.0,32,0.9375,0.0,0,0.0,0,0.0,0,2249
capacity,GENONLY,8,16,7,1.72867584,9.0,32,0.9375,0.175703125,0,0.0,0,0.0,2249,0
capacity,GENONLY_EF,8,16,7,1.750894614722624,9.0,32,0.9375,0.16510838760250846,0,0.0,0,0.0,2249,0
capacity,PROSE,8,16,8,2.097152,9.0,32,0.9375,0.0,0,0.0,0,0.0,0,2252
capacity,GENONLY,8,16,8,1.72818432,9.0,32,0.9375,0.1759375,0,0.0,0,0.0,2252,0
capacity,GENONLY_EF,8,16,8,1.7504327329281235,9.0,32,0.9375,0.16532863000482392,0,0.0,0,0.0,2252,0
capacity,PROSE,8,16,9,2.097152,9.0,32,0.9375,0.0,0,0.0,0,0.0,0,2250
capacity,GENONLY,8,16,9,1.728512,9.0,32,0.9375,0.17578125,0,0.0,0,0.0,2250,0
capacity,GENONLY_EF,8,16,9,1.7507406541244572,9.0,32,0.9375,0.1651818017366136,0,0.0,0,0.0,2250,0
capacity,PROSE,16,16,0,2.097152,9.0,32,0.9375,0.0,0,0.0,0,0.0,0,2244
capacity,GENONLY,16,16,0,1.72949504,9.0,32,0.9375,0.1753125,0,0.0,0,0.0,2244,0
capacity,GENONLY_EF,16,16,0,1.7516644177134588,9.0,32,0.9375,0.16474131693198263,0,0.0,0,0.0,2244,0
capacity,PROSE,16,16,1,2.097152,9.0,32,0.9375,0.0,0,0.0,0,0.0,0,2258
capacity,GENONLY,16,16,1,1.72720128,9.0,32,0.9375,0.17640625,0,0.0,0,0.0,2258,0
capacity,GENONLY_EF,16,16,1,1.7495089693391221,9.0,32,0.9375,0.16576911480945491,0,0.0,0,0.0,2258,0
capacity,PROSE,16,16,2,2.097152,9.0,32,0.9375,0.0,0,0.0,0,0.0,0,2198
capacity,GENONLY,16,16,2,1.73703168,9.0,32,0.9375,0.17171875,0,0.0,0,0.0,2198,0
capacity,GENONLY_EF,16,16,2,1.7587466052291363,9.0,32,0.9375,0.16136426676314522,0,0.0,0,0.0,2198,0
capacity,PROSE,16,16,3,2.097152,9.0,32,0.9375,0.0,0,0.0,0,0.0,0,2155
capacity,GENONLY,16,16,3,1.7440768,9.0,32,0.9375,0.168359375,0,0.0,0,0.0,2155,0
capacity,GENONLY_EF,16,16,3,1.7653669109503136,9.0,32,0.9375,0.15820745899662325,0,0.0,0,0.0,2155,0
capacity,PROSE,16,16,4,2.097152,9.0,32,0.9375,0.0,0,0.0,0,0.0,0,2266
capacity,GENONLY,16,16,4,1.72589056,9.0,32,0.9375,0.17703125,0,0.0,0,0.0,2266,0
capacity,GENONLY_EF,16,16,4,1.7482772845537868,9.0,32,0.9375,0.16635642788229618,0,0.0,0,0.0,2266,0
capacity,PROSE,16,16,5,2.097152,9.0,32,0.9375,0.0,0,0.0,0,0.0,0,2234
capacity,GENONLY,16,16,5,1.73113344,9.0,32,0.9375,0.17453125,0,0.0,0,0.0,2234,0
capacity,GENONLY_EF,16,16,5,1.753204023695128,9.0,32,0.9375,0.16400717559093103,0,0.0,0,0.0,2234,0
capacity,PROSE,16,16,6,2.097152,9.0,32,0.9375,0.0,0,0.0,0,0.0,0,2255
capacity,GENONLY,16,16,6,1.7276928,9.0,32,0.9375,0.176171875,0,0.0,0,0.0,2255,0
capacity,GENONLY_EF,16,16,6,1.7499708511336227,9.0,32,0.9375,0.16554887240713942,0,0.0,0,0.0,2255,0
capacity,PROSE,16,16,7,2.097152,9.0,32,0.9375,0.0,0,0.0,0,0.0,0,2286
capacity,GENONLY,16,16,7,1.72261376,9.0,32,0.9375,0.17859375,0,0.0,0,0.0,2286,0
capacity,GENONLY_EF,16,16,7,1.7451980725904486,9.0,32,0.9375,0.1678247105643994,0,0.0,0,0.0,2286,0
capacity,PROSE,16,16,8,2.097152,9.0,32,0.9375,0.0,0,0.0,0,0.0,0,2267
capacity,GENONLY,16,16,8,1.72572672,9.0,32,0.9375,0.177109375,0,0.0,0,0.0,2267,0
capacity,GENONLY_EF,16,16,8,1.74812332395562,9.0,32,0.9375,0.16642984201640135,0,0.0,0,0.0,2267,0
capacity,PROSE,16,16,9,2.097152,9.0,32,0.9375,0.0,0,0.0,0,0.0,0,2252
capacity,GENONLY,16,16,9,1.72818432,9.0,32,0.9375,0.1759375,0,0.0,0,0.0,2252,0
capacity,GENONLY_EF,16,16,9,1.7504327329281235,9.0,32,0.9375,0.16532863000482392,0,0.0,0,0.0,2252,0
capacity,PROSE,32,16,0,2.097152,9.0,32,0.9375,0.0,0,0.0,0,0.0,0,2260
capacity,GENONLY,32,16,0,1.7268736,9.0,32,0.9375,0.1765625,0,0.0,0,0.0,2260,0
capacity,GENONLY_EF,32,16,0,1.7492010481427884,9.0,32,0.9375,0.16591594307766522,0,0.0,0,0.0,2260,0
capacity,PROSE,32,16,1,2.097152,9.0,32,0.9375,0.0,0,0.0,0,0.0,0,2282
capacity,GENONLY,32,16,1,1.72326912,9.0,32,0.9375,0.17828125,0,0.0,0,0.0,2282,0
capacity,GENONLY_EF,32,16,1,1.7458139149831164,9.0,32,0.9375,0.16753105402797877,0,0.0,0,0.0,2282,0
capacity,PROSE,32,16,2,2.097152,9.0,32,0.9375,0.0,0,0.0,0,0.0,0,2290
capacity,GENONLY,32,16,2,1.7219584,9.0,32,0.9375,0.17890625,0,0.0,0,0.0,2290,0
capacity,GENONLY_EF,32,16,2,1.7445822301977811,9.0,32,0.9375,0.16811836710082007,0,0.0,0,0.0,2290,0
capacity,PROSE,32,16,3,2.097152,9.0,32,0.9375,0.0,0,0.0,0,0.0,0,2230
capacity,GENONLY,32,16,3,1.7317888,9.0,32,0.9375,0.17421875,0,0.0,0,0.0,2230,0
capacity,GENONLY_EF,32,16,3,1.7538198660877955,9.0,32,0.9375,0.16371351905451037,0,0.0,0,0.0,2230,0
capacity,PROSE,32,16,4,2.097152,9.0,32,0.9375,0.0,0,0.0,0,0.0,0,2228
capacity,GENONLY,32,16,4,1.73211648,9.0,32,0.9375,0.1740625,0,0.0,0,0.0,2228,0
capacity,GENONLY_EF,32,16,4,1.7541277872841292,9.0,32,0.9375,0.16356669078630007,0,0.0,0,0.0,2228,0
capacity,PROSE,32,16,5,2.097152,9.0,32,0.9375,0.0,0,0.0,0,0.0,0,2232
capacity,GENONLY,32,16,5,1.73146112,9.0,32,0.9375,0.174375,0,0.0,0,0.0,2232,0
capacity,GENONLY_EF,32,16,5,1.7535119448914618,9.0,32,0.9375,0.1638603473227207,0,0.0,0,0.0,2232,0
capacity,PROSE,32,16,6,2.097152,9.0,32,0.9375,0.0,0,0.0,0,0.0,0,2198
capacity,GENONLY,32,16,6,1.73703168,9.0,32,0.9375,0.17171875,0,0.0,0,0.0,2198,0
capacity,GENONLY_EF,32,16,6,1.7587466052291363,9.0,32,0.9375,0.16136426676314522,0,0.0,0,0.0,2198,0
capacity,PROSE,32,16,7,2.097152,9.0,32,0.9375,0.0,0,0.0,0,0.0,0,2275
capacity,GENONLY,32,16,7,1.724416,9.0,32,0.9375,0.177734375,0,0.0,0,0.0,2275,0
capacity,GENONLY_EF,32,16,7,1.7468916391702847,9.0,32,0.9375,0.16701715508924264,0,0.0,0,0.0,2275,0
capacity,PROSE,32,16,8,2.097152,9.0,32,0.9375,0.0,0,0.0,0,0.0,0,2227
capacity,GENONLY,32,16,8,1.73228032,9.0,32,0.9375,0.173984375,0,0.0,0,0.0,2227,0
capacity,GENONLY_EF,32,16,8,1.754281747882296,9.0,32,0.9375,0.16349327665219487,0,0.0,0,0.0,2227,0
capacity,PROSE,32,16,9,2.097152,9.0,32,0.9375,0.0,0,0.0,0,0.0,0,2288
capacity,GENONLY,32,16,9,1.72228608,9.0,32,0.9375,0.17875,0,0.0,0,0.0,2288,0
capacity,GENONLY_EF,32,16,9,1.7448901513941149,9.0,32,0.9375,0.16797153883260976,0,0.0,0,0.0,2288,0
capacity,PROSE,64,16,0,2.097152,9.0,32,0.9375,0.0,0,0.0,0,0.0,0,2247
capacity,GENONLY,64,16,0,1.72900352,9.0,32,0.9375,0.175546875,0,0.0,0,0.0,2247,0
capacity,GENONLY_EF,64,16,0,1.7512025359189582,9.0,32,0.9375,0.16496155933429812,0,0.0,0,0.0,2247,0
capacity,PROSE,64,16,1,2.097152,9.0,32,0.9375,0.0,0,0.0,0,0.0,0,2312
capacity,GENONLY,64,16,1,1.71835392,9.0,32,0.9375,0.180625,0,0.0,0,0.0,2312,0
capacity,GENONLY_EF,64,16,1,1.741195097038109,9.0,32,0.9375,0.16973347805113362,0,0.0,0,0.0,2312,0
capacity,PROSE,64,16,2,2.097152,9.0,32,0.9375,0.0,0,0.0,0,0.0,0,2273
capacity,GENONLY,64,16,2,1.72474368,9.0,32,0.9375,0.177578125,0,0.0,0,0.0,2273,0
capacity,GENONLY_EF,64,16,2,1.7471995603666184,9.0,32,0.9375,0.16687032682103234,0,0.0,0,0.0,2273,0
capacity,PROSE,64,16,3,2.097152,9.0,32,0.9375,0.0,0,0.0,0,0.0,0,2212
capacity,GENONLY,64,16,3,1.73473792,9.0,32,0.9375,0.1728125,0,0.0,0,0.0,2212,0
capacity,GENONLY_EF,64,16,3,1.7565911568548,9.0,32,0.9375,0.16239206464061745,0,0.0,0,0.0,2212,0
capacity,PROSE,64,16,4,2.097152,9.0,32,0.9375,0.0,0,0.0,0,0.0,0,2265
capacity,GENONLY,64,16,4,1.7260544,9.0,32,0.9375,0.176953125,0,0.0,0,0.0,2265,0
capacity,GENONLY_EF,64,16,4,1.7484312451519537,9.0,32,0.9375,0.16628301374819102,0,0.0,0,0.0,2265,0
capacity,PROSE,64,16,5,2.097152,9.0,32,0.9375,0.0,0,0.0,0,0.0,0,2282
capacity,GENONLY,64,16,5,1.72326912,9.0,32,0.9375,0.17828125,0,0.0,0,0.0,2282,0
capacity,GENONLY_EF,64,16,5,1.7458139149831164,9.0,32,0.9375,0.16753105402797877,0,0.0,0,0.0,2282,0
capacity,PROSE,64,16,6,2.097152,9.0,32,0.9375,0.0,0,0.0,0,0.0,0,2284
capacity,GENONLY,64,16,6,1.72294144,9.0,32,0.9375,0.1784375,0,0.0,0,0.0,2284,0
capacity,GENONLY_EF,64,16,6,1.7455059937867827,9.0,32,0.9375,0.16767788229618907,0,0.0,0,0.0,2284,0
capacity,PROSE,64,16,7,2.097152,9.0,32,0.9375,0.0,0,0.0,0,0.0,0,2287
capacity,GENONLY,64,16,7,1.72244992,9.0,32,0.9375,0.178671875,0,0.0,0,0.0,2287,0
capacity,GENONLY_EF,64,16,7,1.7450441119922817,9.0,32,0.9375,0.16789812469850457,0,0.0,0,0.0,2287,0
capacity,PROSE,64,16,8,2.097152,9.0,32,0.9375,0.0,0,0.0,0,0.0,0,2220
capacity,GENONLY,64,16,8,1.7334272,9.0,32,0.9375,0.1734375,0,0.0,0,0.0,2220,0
capacity,GENONLY_EF,64,16,8,1.7553594720694645,9.0,32,0.9375,0.16297937771345875,0,0.0,0,0.0,2220,0
capacity,PROSE,64,16,9,2.097152,9.0,32,0.9375,0.0,0,0.0,0,0.0,0,2215
capacity,GENONLY,64,16,9,1.7342464,9.0,32,0.9375,0.173046875,0,0.0,0,0.0,2215,0
capacity,GENONLY_EF,64,16,9,1.756129275060299,9.0,32,0.9375,0.16261230704293295,0,0.0,0,0.0,2215,0
