workload,seed,method,segment_bytes,makespan_ns,valid_throughput_gbps,total_requested_bytes,total_valid_bytes,total_stale_bytes,total_wire_bytes,total_control_bytes,total_header_bytes,stale_mib_per_gib,control_header_overhead_pct,completed_valid_requests,rejected_requests,aborted_requests,rpe_events,extra_rtt,serialized_acquire_ns,pin_span_ratio_median,pin_span_ratio_p95,evict_attempts_queue,evict_attempts_xfer,evict_attempts_total,evict_fired,evict_blocked,queue_reclaim,n_requests
large_object,1000,NoCheck,0,98024732.52712439,2.9942281446040506,314572800,293508413,21064387,314572800,153600,0,68.56896809895834,0.048828125,1200,0,0,120,0,0.0,0.0,0.0,42,78,120,120,0,Y,1200
large_object,1000,SharedRef,0,98024982.52712439,3.209108452663635,314572800,314572800,0,314572800,230400,0,0.0,0.0732421875,1200,0,0,0,1,250.0,2.2405457371556032,8.450083129404675,42,78,120,0,120,N,1200
large_object,1000,TwoPhase,0,98028259.52712439,3.2090011749413727,314572800,314572800,0,314572800,307200,0,0.0,0.09765625,1200,0,0,0,1,3500.0,2.191858564221442,8.40427793894587,42,78,120,0,120,N,1200
large_object,1000,GenOnly,0,98024759.52712439,2.9942273198720106,314572800,293508413,10054339,303562752,153600,0,32.72896809895833,0.0505990932642487,1158,42,0,78,0,0.0,0.0,0.0,42,78,120,120,0,Y,1200
large_object,1000,RDMAKey,0,98024759.52712439,2.9942273198720106,314572800,293508413,10054339,303562752,153600,0,32.72896809895833,0.0505990932642487,1158,42,0,78,0,0.0,0.0,0.0,42,78,120,120,0,Y,1200
large_object,1000,Segmented-64,64,98073899.52712439,2.9927270600556075,314572800,293508413,2435,293510848,36842456,73377712,0.007926432291666667,37.55233196696021,1158,42,78,78,0,0.0,0.0,0.0,42,78,120,120,0,Y,1200
large_object,1000,Segmented-256,256,98037035.52712439,2.9938523887617308,314572800,293508413,9411,293517824,9326032,18344864,0.030634765625,9.427330723193151,1158,42,78,78,0,0.0,0.0,0.0,42,78,120,120,0,Y,1200
large_object,1000,Segmented-4096,4096,98025515.52712439,2.9942042275593446,314572800,293508413,166595,293675008,727184,1147168,0.5423014322916667,0.6382402141621802,1158,42,78,78,0,0.0,0.0,0.0,42,78,120,120,0,Y,1200
large_object,1000,Segmented-16384,16384,98024939.52712439,2.9942218216700205,314572800,293508413,584387,294092800,297200,287200,1.9023014322916667,0.1987127872562674,1158,42,78,78,0,0.0,0.0,0.0,42,78,120,120,0,Y,1200
large_object,1000,PROSE,0,98024759.52712439,3.0967967018169658,314572800,303562752,0,303562752,153600,0,0.0,0.0505990932642487,1158,42,0,0,0,0.0,1.0,1.0,42,78,120,42,78,Y,1200
large_object,1001,NoCheck,0,97074490.24289374,3.0715629127068973,314572800,298170404,16402396,314572800,153600,0,53.393216145833335,0.048828125,1200,0,0,98,0,0.0,0.0,0.0,30,68,98,98,0,Y,1200
large_object,1001,SharedRef,0,97074740.24289374,3.2405216765236515,314572800,314572800,0,314572800,230400,0,0.0,0.0732421875,1200,0,0,0,1,250.0,2.402107293240851,7.367528469437831,30,68,98,0,98,N,1200
large_object,1001,TwoPhase,0,97078206.24289374,3.240405979617358,314572800,314572800,0,314572800,307200,0,0.0,0.09765625,1200,0,0,0,1,3500.0,2.3534201203066902,7.320716981060078,30,68,98,0,98,N,1200
large_object,1001,GenOnly,0,97074706.24289374,3.0715560782016507,314572800,298170404,8538076,306708480,153600,0,27.793216145833334,0.0500801282051282,1170,30,0,68,0,0.0,0.0,0.0,30,68,98,98,0,Y,1200
large_object,1001,RDMAKey,0,97074706.24289374,3.0715560782016507,314572800,298170404,8538076,306708480,153600,0,27.793216145833334,0.0500801282051282,1170,30,0,68,0,0.0,0.0,0.0,30,68,98,98,0,Y,1200
large_object,1001,Segmented-64,64,98061666.27343214,3.0406418260178327,314572800,298170404,2012,298172416,37425152,74543104,0.006549479166666667,37.55151381944063,1170,30,68,68,0,0.0,0.0,0.0,30,68,98,98,0,Y,1200
large_object,1001,Segmented-256,256,97140074.24289374,3.069489150836351,314572800,298170404,8924,298179328,9471704,18636208,0.029049479166666666,9.426512625315194,1170,30,68,68,0,0.0,0.0,0.0,30,68,98,98,0,Y,1200
large_object,1001,Segmented-4096,4096,97049918.24289374,3.072340599543296,314572800,298170404,149468,298319872,736256,1165312,0.4865494791666667,0.6374258567662566,1170,30,68,68,0,0.0,0.0,0.0,30,68,98,98,0,Y,1200
large_object,1001,Segmented-16384,16384,97047450.24289374,3.072418731803141,314572800,298170404,542684,298713088,299456,291712,1.7665494791666667,0.19790495420140414,1170,30,68,68,0,0.0,0.0,0.0,30,68,98,98,0,Y,1200
large_object,1001,PROSE,0,97074706.24289374,3.1595097412149244,314572800,306708480,0,306708480,153600,0,0.0,0.0500801282051282,1170,30,0,0,0,0.0,1.0,1.0,30,68,98,30,68,Y,1200
large_object,1002,NoCheck,0,96671013.98037432,3.0720640321440236,314572800,296979545,17593255,314572800,153600,0,57.269710286458334,0.048828125,1200,0,0,106,0,0.0,0.0,0.0,31,75,106,106,0,Y,1200
large_object,1002,SharedRef,0,96671263.98037432,3.254046622001993,314572800,314572800,0,314572800,230400,0,0.0,0.0732421875,1200,0,0,0,1,250.0,2.4130586884567644,11.987781644537598,31,75,106,0,106,N,1200
large_object,1002,TwoPhase,0,96674540.98037432,3.253936318806631,314572800,314572800,0,314572800,307200,0,0.0,0.09765625,1200,0,0,0,1,3500.0,2.365535261415265,11.946809422315376,31,75,106,0,106,N,1200
large_object,1002,GenOnly,0,96671040.98037432,3.072063174123586,314572800,296979545,9466791,306446336,153600,0,30.816376953125,0.05012296834901625,1169,31,0,75,0,0.0,0.0,0.0,31,75,106,106,0,Y,1200
large_object,1002,RDMAKey,0,96671040.98037432,3.072063174123586,314572800,296979545,9466791,306446336,153600,0,30.816376953125,0.05012296834901625,1169,31,0,75,0,0.0,0.0,0.0,31,75,106,106,0,Y,1200
large_object,1002,Segmented-64,64,96971644.81376673,3.062540040135927,314572800,296979545,2215,296981760,37276320,74245440,0.007210286458333334,37.55172034807794,1169,31,75,75,0,0.0,0.0,0.0,31,75,106,106,0,Y,1200
large_object,1002,Segmented-256,256,96683316.98037432,3.071673110473482,314572800,296979545,8871,296988416,9434488,18561776,0.028876953125,9.426719188939678,1169,31,75,75,0,0.0,0.0,0.0,31,75,106,106,0,Y,1200
large_object,1002,Segmented-4096,4096,96671796.98037432,3.072039149745927,314572800,296979545,185255,297164800,734000,1160800,0.6030436197916667,0.6376259906960717,1169,31,75,75,0,0.0,0.0,0.0,31,75,106,106,0,Y,1200
large_object,1002,Segmented-16384,16384,96671220.98037432,3.072057453999585,314572800,296979545,619431,297598976,298912,290624,2.016376953125,0.19809745581920282,1169,31,75,75,0,0.0,0.0,0.0,31,75,106,106,0,Y,1200
large_object,1002,PROSE,0,96671040.98037432,3.169991063427291,314572800,306446336,0,306446336,153600,0,0.0,0.05012296834901625,1169,31,0,0,0,0.0,1.0,1.0,31,75,106,31,75,Y,1200
large_object,1003,NoCheck,0,97862976.21656163,3.014066201576262,314572800,294965489,19607311,314572800,153600,0,63.82588216145833,0.048828125,1200,0,0,107,0,0.0,0.0,0.0,41,66,107,107,0,Y,1200
large_object,1003,SharedRef,0,97863226.21656163,3.2144127284735284,314572800,314572800,0,314572800,230400,0,0.0,0.0732421875,1200,0,0,0,1,250.0,2.6754871417787114,8.164769193143032,41,66,107,0,107,N,1200
large_object,1003,TwoPhase,0,97866485.21656163,3.2143056870174167,314572800,314572800,0,314572800,307200,0,0.0,0.09765625,1200,0,0,0,1,3500.0,2.629048025134703,8.121414714622889,41,66,107,0,107,N,1200
large_object,1003,GenOnly,0,97862985.21656163,3.0140659243867227,314572800,294965489,8859407,303824896,153600,0,28.839215494791667,0.05055543572044867,1159,41,0,66,0,0.0,0.0,0.0,41,66,107,107,0,Y,1200
large_object,1003,RDMAKey,0,97862985.21656163,3.0140659243867227,314572800,294965489,8859407,303824896,153600,0,28.839215494791667,0.05055543572044867,1159,41,0,66,0,0.0,0.0,0.0,41,66,107,107,0,Y,1200
large_object,1003,Segmented-64,64,97920844.70786819,3.0122849724181227,314572800,294965489,1935,294967424,37024528,73741856,0.006298828125,37.55207354694192,1159,41,66,66,0,0.0,0.0,0.0,41,66,107,107,0,Y,1200
large_object,1003,Segmented-256,256,97871692.70786819,3.0137977676591965,314572800,294965489,7439,294972928,9371504,18435808,0.024215494791666667,9.427072575283926,1159,41,66,66,0,0.0,0.0,0.0,41,66,107,107,0,Y,1200
large_object,1003,Segmented-4096,4096,97863237.21656163,3.0140581631003136,314572800,294965489,130831,295096320,729960,1152720,0.42588216145833335,0.6379883015823443,1159,41,66,66,0,0.0,0.0,0.0,41,66,107,107,0,Y,1200
large_object,1003,Segmented-16384,16384,97863045.21656163,3.0140640764577618,314572800,294965489,536335,295501824,297888,288576,1.7458821614583333,0.198463749584165,1159,41,66,66,0,0.0,0.0,0.0,41,66,107,107,0,Y,1200
large_object,1003,PROSE,0,97862985.21656163,3.104594605689413,314572800,303824896,0,303824896,153600,0,0.0,0.05055543572044867,1159,41,0,0,0,0.0,1.0,1.0,41,66,107,41,66,Y,1200
large_object,1004,NoCheck,0,96205284.62548886,3.1079257669051428,314572800,298998883,15573917,314572800,153600,0,50.696344401041664,0.048828125,1200,0,0,87,0,0.0,0.0,0.0,29,58,87,87,0,Y,1200
large_object,1004,SharedRef,0,96205534.62548886,3.269799406287552,314572800,314572800,0,314572800,230400,0,0.0,0.0732421875,1200,0,0,0,1,250.0,2.36832751857054,9.385022141786616,29,58,87,0,87,N,1200
large_object,1004,TwoPhase,0,96208802.62548886,3.2696883384416986,314572800,314572800,0,314572800,307200,0,0.0,0.09765625,1200,0,0,0,1,3500.0,2.3201879907623377,9.339969963376003,29,58,87,0,87,N,1200
large_object,1004,GenOnly,0,96205302.62548886,3.1079251854126233,314572800,298998883,7971741,306970624,153600,0,25.949677734375,0.050037361229718184,1171,29,0,58,0,0.0,0.0,0.0,29,58,87,87,0,Y,1200
large_object,1004,RDMAKey,0,96205302.62548886,3.1079251854126233,314572800,298998883,7971741,306970624,153600,0,25.949677734375,0.050037361229718184,1171,29,0,58,0,0.0,0.0,0.0,29,58,87,87,0,Y,1200
large_object,1004,Segmented-64,64,96544860.11571029,3.096994315820085,314572800,298998883,2013,299000896,37528712,74750224,0.006552734375,37.551371083516756,1171,29,58,58,0,0.0,0.0,0.0,29,58,87,87,0,Y,1200
large_object,1004,Segmented-256,256,96213486.62548886,3.1076608226854265,314572800,298998883,8861,299007744,9497592,18687984,0.028844401041666665,9.426369906994783,1171,29,58,58,0,0.0,0.0,0.0,29,58,87,87,0,Y,1200
large_object,1004,Segmented-4096,4096,96205806.62548886,3.1079089037104226,314572800,298998883,107421,299106304,737792,1168384,0.349677734375,0.6372904798422436,1171,29,58,58,0,0.0,0.0,0.0,29,58,87,87,0,Y,1200
large_object,1004,Segmented-16384,16384,96205422.62548886,3.1079213088013877,314572800,298998883,435101,299433984,299808,292416,1.4163444010416666,0.19778115766579119,1171,29,58,58,0,0.0,0.0,0.0,29,58,87,87,0,Y,1200
large_object,1004,PROSE,0,96205302.62548886,3.1907869485633786,314572800,306970624,0,306970624,153600,0,0.0,0.050037361229718184,1171,29,0,0,0,0.0,1.0,1.0,29,58,87,29,58,Y,1200
large_object,1005,NoCheck,0,99714795.73585553,2.9821815188563066,314572800,297367621,17205179,314572800,153600,0,56.006442057291665,0.048828125,1200,0,0,101,0,0.0,0.0,0.0,31,70,101,101,0,Y,1200
large_object,1005,SharedRef,0,99715045.73585553,3.1547175020437854,314572800,314572800,0,314572800,230400,0,0.0,0.0732421875,1200,0,0,0,1,250.0,2.1062692408253443,6.689677357760908,31,70,101,0,101,N,1200
large_object,1005,TwoPhase,0,99718331.73585553,3.154613545213268,314572800,314572800,0,314572800,307200,0,0.0,0.09765625,1200,0,0,0,1,3500.0,2.0605303317712513,6.64831786188789,31,70,101,0,101,N,1200
large_object,1005,GenOnly,0,99714831.73585553,2.9821804422006792,314572800,297367621,9078715,306446336,153600,0,29.553108723958335,0.05012296834901625,1169,31,0,70,0,0.0,0.0,0.0,31,70,101,101,0,Y,1200
large_object,1005,RDMAKey,0,99714831.73585553,2.9821804422006792,314572800,297367621,9078715,306446336,153600,0,29.553108723958335,0.05012296834901625,1169,31,0,70,0,0.0,0.0,0.0,31,70,101,101,0,Y,1200
large_object,1005,Segmented-64,64,100729661.86289561,2.952135602368553,314572800,297367621,2171,297369792,37324824,74342448,0.007067057291666666,37.551652859211735,1169,31,70,70,0,0.0,0.0,0.0,31,70,101,101,0,Y,1200
large_object,1005,Segmented-256,256,99731199.73585553,2.981691003292823,314572800,297367621,8635,297376256,9446608,18586016,0.028108723958333335,9.426651736445294,1169,31,70,70,0,0.0,0.0,0.0,31,70,101,101,0,Y,1200
large_object,1005,Segmented-4096,4096,99715839.73585553,2.98215029615875,314572800,297367621,137147,297504768,734664,1162128,0.4464420572916667,0.6375669246416917,1169,31,70,70,0,0.0,0.0,0.0,31,70,101,101,0,Y,1200
large_object,1005,Segmented-16384,16384,99715071.73585553,2.982173264516367,314572800,297367621,608187,297975808,299096,290992,1.979775390625,0.1980321838744708,1169,31,70,70,0,0.0,0.0,0.0,31,70,101,101,0,Y,1200
large_object,1005,PROSE,0,99714831.73585553,3.073227228741417,314572800,306446336,0,306446336,153600,0,0.0,0.05012296834901625,1169,31,0,0,0,0.0,1.0,1.0,31,70,101,31,70,Y,1200
large_object,1006,NoCheck,0,99277512.76090156,2.989745892555181,314572800,296814536,17758264,314572800,153600,0,57.80684895833333,0.048828125,1200,0,0,99,0,0.0,0.0,0.0,32,67,99,99,0,Y,1200
large_object,1006,SharedRef,0,99277762.76090156,3.1686129023436034,314572800,314572800,0,314572800,230400,0,0.0,0.0732421875,1200,0,0,0,1,250.0,1.9489744515259675,6.792356134981512,32,67,99,0,99,N,1200
large_object,1006,TwoPhase,0,99281435.76090156,3.1684956768512333,314572800,314572800,0,314572800,307200,0,0.0,0.09765625,1200,0,0,0,1,3500.0,1.9003415573134737,6.746071755037494,32,67,99,0,99,N,1200
large_object,1006,GenOnly,0,99277935.76090156,2.9897331539491367,314572800,296814536,9369656,306184192,153600,0,30.50018229166667,0.05016588184931507,1168,32,0,67,0,0.0,0.0,0.0,32,67,99,99,0,Y,1200
large_object,1006,RDMAKey,0,99277935.76090156,2.9897331539491367,314572800,296814536,9369656,306184192,153600,0,30.50018229166667,0.05016588184931507,1168,32,0,67,0,0.0,0.0,0.0,32,67,99,99,0,Y,1200
large_object,1006,Segmented-64,64,99873705.70499426,2.9718986985095674,314572800,296814536,2104,296816640,37255680,74204160,0.006848958333333334,37.55174912026496,1168,32,67,67,0,0.0,0.0,0.0,32,67,99,99,0,Y,1200
large_object,1006,Segmented-256,256,99302315.76090156,2.9889991358778083,314572800,296814536,8504,296823040,9429320,18551440,0.027682291666666668,9.426748004467578,1168,32,67,67,0,0.0,0.0,0.0,32,67,99,99,0,Y,1200
large_object,1006,Segmented-4096,4096,99132511.76090156,2.9941189901037633,314572800,296814536,141368,296955904,733592,1159984,0.4601822916666667,0.6376623513772604,1168,32,67,67,0,0.0,0.0,0.0,32,67,99,99,0,Y,1200
large_object,1006,Segmented-16384,16384,99129071.76090156,2.9942228927141983,314572800,296814536,505912,297320448,298776,290352,1.6468489583333332,0.19814580664159367,1168,32,67,67,0,0.0,0.0,0.0,32,67,99,99,0,Y,1200
large_object,1006,PROSE,0,99277935.76090156,3.084111183953363,314572800,306184192,0,306184192,153600,0,0.0,0.05016588184931507,1168,32,0,0,0,0.0,1.0,1.0,32,67,99,32,67,Y,1200
large_object,1007,NoCheck,0,96820250.64774248,3.0611417034883557,314572800,296380507,18192293,314572800,153600,0,59.21970377604167,0.048828125,1200,0,0,107,0,0.0,0.0,0.0,33,74,107,107,0,Y,1200
large_object,1007,SharedRef,0,96820500.64774248,3.2490309169593696,314572800,314572800,0,314572800,230400,0,0.0,0.0732421875,1200,0,0,0,1,250.0,2.4716910750654923,7.600734722004645,33,74,107,0,107,N,1200
large_object,1007,TwoPhase,0,96823768.64774248,3.2489212555282467,314572800,314572800,0,314572800,307200,0,0.0,0.09765625,1200,0,0,0,1,3500.0,2.4245671500564407,7.560427637865321,33,74,107,0,107,N,1200
large_object,1007,GenOnly,0,96820268.64774248,3.0611411343869537,314572800,296380507,9541541,305922048,153600,0,31.059703776041665,0.05020886889460154,1167,33,0,74,0,0.0,0.0,0.0,33,74,107,107,0,Y,1200
large_object,1007,RDMAKey,0,96820268.64774248,3.0611411343869537,314572800,296380507,9541541,305922048,153600,0,31.059703776041665,0.05020886889460154,1167,33,0,74,0,0.0,0.0,0.0,33,74,107,107,0,Y,1200
large_object,1007,Segmented-64,64,96853028.64774248,3.0601057203688,314572800,296380507,2213,296382720,37201440,74095680,0.007203776041666667,37.55182488371791,1167,33,74,74,0,0.0,0.0,0.0,33,74,107,107,0,Y,1200
large_object,1007,Segmented-256,256,96828452.64774248,3.0608824048672845,314572800,296380507,10405,296390912,9415816,18524432,0.03387044270833333,9.426823451320937,1167,33,74,74,0,0.0,0.0,0.0,33,74,107,107,0,Y,1200
large_object,1007,Segmented-4096,4096,96820772.64774248,3.061125199633599,314572800,296380507,165797,296546304,732792,1158384,0.5397037760416666,0.6377337955289438,1167,33,74,74,0,0.0,0.0,0.0,33,74,107,107,0,Y,1200
large_object,1007,Segmented-16384,16384,96820388.64774248,3.061137340383012,314572800,296380507,612261,296992768,298616,290032,1.993037109375,0.19820280606967508,1167,33,74,74,0,0.0,0.0,0.0,33,74,107,107,0,Y,1200
large_object,1007,PROSE,0,96820268.64774248,3.159690137950604,314572800,305922048,0,305922048,153600,0,0.0,0.05020886889460154,1167,33,0,0,0,0.0,1.0,1.0,33,74,107,33,74,Y,1200
large_object,1008,NoCheck,0,97364110.32414435,3.051995637927701,314572800,297154840,17417960,314572800,153600,0,56.69908854166667,0.048828125,1200,0,0,110,0,0.0,0.0,0.0,28,82,110,110,0,Y,1200
large_object,1008,SharedRef,0,97364360.32414435,3.230882418913119,314572800,314572800,0,314572800,230400,0,0.0,0.0732421875,1200,0,0,0,1,250.0,2.35900864414771,6.69513413088777,28,82,110,0,110,N,1200
large_object,1008,TwoPhase,0,97367673.32414435,3.230772485984782,314572800,314572800,0,314572800,307200,0,0.0,0.09765625,1200,0,0,0,1,3500.0,2.3101845599320594,6.6482703170149,28,82,110,0,110,N,1200
large_object,1008,GenOnly,0,97364173.32414435,3.0519936631178854,314572800,297154840,10077928,307232768,153600,0,32.80575520833333,0.04999466723549487,1172,28,0,82,0,0.0,0.0,0.0,28,82,110,110,0,Y,1200
large_object,1008,RDMAKey,0,97364173.32414435,3.0519936631178854,314572800,297154840,10077928,307232768,153600,0,32.80575520833333,0.04999466723549487,1172,28,0,82,0,0.0,0.0,0.0,28,82,110,110,0,Y,1200
large_object,1008,Segmented-64,64,97969745.03577876,3.0331286448839734,314572800,297154840,2408,297157248,37298256,74289312,0.007838541666666667,37.55168980431532,1172,28,82,82,0,0.0,0.0,0.0,28,82,110,110,0,Y,1200
large_object,1008,Segmented-256,256,97392817.32414435,3.051096047576121,314572800,297154840,8680,297163520,9439960,18572720,0.028255208333333334,9.426688713338702,1172,28,82,82,0,0.0,0.0,0.0,28,82,110,110,0,Y,1200
large_object,1008,Segmented-4096,4096,97365937.32414435,3.0519383694806064,314572800,297154840,149224,297304064,734272,1161344,0.48575520833333335,0.6376017786288989,1172,28,82,82,0,0.0,0.0,0.0,28,82,110,110,0,Y,1200
large_object,1008,Segmented-16384,16384,97364593.32414435,3.0519804977844234,314572800,297154840,640744,297795584,299008,290816,2.0857552083333335,0.19806338028169013,1172,28,82,82,0,0.0,0.0,0.0,28,82,110,110,0,Y,1200
large_object,1008,PROSE,0,97364173.32414435,3.15550122299259,314572800,307232768,0,307232768,153600,0,0.0,0.04999466723549487,1172,28,0,0,0,0.0,1.0,1.0,28,82,110,28,82,Y,1200
large_object,1009,NoCheck,0,99001304.98509456,2.990562397582291,314572800,296069580,18503220,314572800,153600,0,60.2318359375,0.048828125,1200,0,0,102,0,0.0,0.0,0.0,36,66,102,102,0,Y,1200
large_object,1009,SharedRef,0,99001554.98509456,3.1774531223005673,314572800,314572800,0,314572800,230400,0,0.0,0.0732421875,1200,0,0,0,1,250.0,2.05012048524713,5.8171575539056555,36,66,102,0,102,N,1200
large_object,1009,TwoPhase,0,99005083.98509456,3.1773398631464183,314572800,314572800,0,314572800,307200,0,0.0,0.09765625,1200,0,0,0,1,3500.0,2.00287088076861,5.769271311968208,36,66,102,0,102,N,1200
large_object,1009,GenOnly,0,98870111.98509456,2.9945306428360756,314572800,296069580,9066036,305135616,153600,0,29.5118359375,0.05033827319587628,1164,36,0,66,0,0.0,0.0,0.0,36,66,102,102,0,Y,1200
large_object,1009,RDMAKey,0,98870111.98509456,2.9945306428360756,314572800,296069580,9066036,305135616,153600,0,29.5118359375,0.05033827319587628,1164,36,0,66,0,0.0,0.0,0.0,36,66,102,102,0,Y,1200
large_object,1009,Segmented-64,64,99300034.94438875,2.981565718137044,314572800,296069580,2036,296071616,37162552,74017904,0.006627604166666667,37.551879339895926,1164,36,66,66,0,0.0,0.0,0.0,36,66,102,102,0,Y,1200
large_object,1009,Segmented-256,256,98943971.98509456,2.992295276407556,314572800,296069580,6708,296076288,9405984,18504768,0.0218359375,9.42687852125463,1164,36,66,66,0,0.0,0.0,0.0,36,66,102,102,0,Y,1200
large_object,1009,Segmented-4096,4096,98835275.98509456,2.995586110819891,314572800,296069580,144948,296214528,732144,1157088,0.4718359375,0.6377918101302581,1164,36,66,66,0,0.0,0.0,0.0,36,66,102,102,0,Y,1200
large_object,1009,Segmented-16384,16384,98830855.98509456,2.9957200820425203,314572800,296069580,579124,296648704,298448,289696,1.8851692708333334,0.19826279099469787,1164,36,66,66,0,0.0,0.0,0.0,36,66,102,102,0,Y,1200
large_object,1009,PROSE,0,98870111.98509456,3.086227069774145,314572800,305135616,0,305135616,153600,0,0.0,0.05033827319587628,1164,36,0,0,0,0.0,1.0,1.0,36,66,102,36,66,Y,1200
nominal,1000,NoCheck,0,23278090.190663952,3.152196095082966,78643200,73377105,5266095,78643200,153600,0,68.5689453125,0.1953125,1200,0,0,120,0,0.0,0.0,0.0,42,78,120,120,0,Y,1200
nominal,1000,SharedRef,0,23278340.190663952,3.3783852008289132,78643200,78643200,0,78643200,230400,0,0.0,0.29296875,1200,0,0,0,1,250.0,2.9124327614941694,10.06907766946955,42,78,120,0,120,N,1200
nominal,1000,TwoPhase,0,23281617.190663952,3.3779096768044243,78643200,78643200,0,78643200,307200,0,0.0,0.390625,1200,0,0,0,1,3500.0,2.7254672094079595,9.902492406565546,42,78,120,0,120,N,1200
nominal,1000,GenOnly,0,23278117.190663952,3.152192438889732,78643200,73377105,2513583,75890688,153600,0,32.7289453125,0.2023963730569948,1158,42,0,78,0,0.0,0.0,0.0,42,78,120,120,0,Y,1200
nominal,1000,RDMAKey,0,23278117.190663952,3.152192438889732,78643200,73377105,2513583,75890688,153600,0,32.7289453125,0.2023963730569948,1158,42,0,78,0,0.0,0.0,0.0,42,78,120,120,0,Y,1200
nominal,1000,Segmented-64,64,23434681.139187768,3.1311330657406677,78643200,73377105,2351,73379456,9326032,18344864,0.030611979166666668,37.709322892772605,1158,42,78,78,0,0.0,0.0,0.0,42,78,120,120,0,Y,1200
nominal,1000,Segmented-256,256,23281177.190663952,3.151778125267014,78643200,73377105,9647,73386752,2446936,4586672,0.12561197916666667,9.584302082206882,1158,42,78,78,0,0.0,0.0,0.0,42,78,120,120,0,Y,1200
nominal,1000,Segmented-4096,4096,23278297.190663952,3.1521680644849224,78643200,73377105,146095,73523200,297200,287200,1.9022786458333334,0.7948511490250696,1158,42,78,78,0,0.0,0.0,0.0,42,78,120,120,0,Y,1200
nominal,1000,Segmented-16384,16384,23278153.190663952,3.1521875639786137,78643200,73377105,613039,73990144,189728,72256,7.9822786458333335,0.35407959200620015,1158,42,78,78,0,0.0,0.0,0.0,42,78,120,120,0,Y,1200
nominal,1000,PROSE,0,23278117.190663952,3.2601729503465653,78643200,75890688,0,75890688,153600,0,0.0,0.2023963730569948,1158,42,0,0,0,0.0,1.0,1.0,42,78,120,42,78,Y,1200
nominal,1001,NoCheck,0,23072949.121607985,3.2307357679816624,78643200,74542602,4100598,78643200,153600,0,53.393203125,0.1953125,1200,0,0,98,0,0.0,0.0,0.0,30,68,98,98,0,Y,1200
nominal,1001,SharedRef,0,23073199.121607985,3.408422021823184,78643200,78643200,0,78643200,230400,0,0.0,0.29296875,1200,0,0,0,1,250.0,2.9773192996387703,9.313351828500842,30,68,98,0,98,N,1200
nominal,1001,TwoPhase,0,23076665.121607985,3.407910093835956,78643200,78643200,0,78643200,307200,0,0.0,0.390625,1200,0,0,0,1,3500.0,2.8033230417652675,9.147245592440987,30,68,98,0,98,N,1200
nominal,1001,GenOnly,0,23073165.121607985,3.2307055233696986,78643200,74542602,2134518,76677120,153600,0,27.793203125,0.2003205128205128,1170,30,0,68,0,0.0,0.0,0.0,30,68,98,98,0,Y,1200
nominal,1001,RDMAKey,0,23073165.121607985,3.2307055233696986,78643200,74542602,2134518,76677120,153600,0,27.793203125,0.2003205128205128,1170,30,0,68,0,0.0,0.0,0.0,30,68,98,98,0,Y,1200
nominal,1001,Segmented-64,64,24045415.32011783,3.1000754616882498,78643200,74542602,2230,74544832,9471704,18636208,0.029036458333333334,37.706050501260776,1170,30,68,68,0,0.0,0.0,0.0,30,68,98,98,0,Y,1200
nominal,1001,Segmented-256,256,23089489.121607985,3.22842145217671,78643200,74542602,9462,74552064,2483352,4659504,0.123203125,9.581030513118993,1170,30,68,68,0,0.0,0.0,0.0,30,68,98,98,0,Y,1200
nominal,1001,Segmented-4096,4096,23067413.121607985,3.231511119475012,78643200,74542602,135670,74678272,299456,291712,1.7665364583333334,0.7916198168056165,1170,30,68,68,0,0.0,0.0,0.0,30,68,98,98,0,Y,1200
nominal,1001,Segmented-16384,16384,23069357.121607985,3.2312388076986958,78643200,74542602,545270,75087872,190264,73328,7.099869791666666,0.3510447066604844,1170,30,68,68,0,0.0,0.0,0.0,30,68,98,98,0,Y,1200
nominal,1001,PROSE,0,23073165.121607985,3.3232163682732887,78643200,76677120,0,76677120,153600,0,0.0,0.2003205128205128,1170,30,0,0,0,0.0,1.0,1.0,30,68,98,30,68,Y,1200
nominal,1002,NoCheck,0,22966079.409252614,3.2328062041833787,78643200,74244884,4398316,78643200,153600,0,57.26973958333333,0.1953125,1200,0,0,106,0,0.0,0.0,0.0,31,75,106,106,0,Y,1200
nominal,1002,SharedRef,0,22966329.409252614,3.424282504992567,78643200,78643200,0,78643200,230400,0,0.0,0.29296875,1200,0,0,0,1,250.0,2.933863646741632,15.21245101399207,31,75,106,0,106,N,1200
nominal,1002,TwoPhase,0,22969786.409252614,3.4237671434472374,78643200,78643200,0,78643200,307200,0,0.0,0.390625,1200,0,0,0,1,3500.0,2.7545642594140984,15.078942813316722,31,75,106,0,106,N,1200
nominal,1002,GenOnly,0,22956687.895883378,3.2341287356750485,78643200,74244884,2366700,76611584,153600,0,30.81640625,0.200491873396065,1169,31,0,75,0,0.0,0.0,0.0,31,75,106,106,0,Y,1200
nominal,1002,RDMAKey,0,22956687.895883378,3.2341287356750485,78643200,74244884,2366700,76611584,153600,0,30.81640625,0.200491873396065,1169,31,0,75,0,0.0,0.0,0.0,31,75,106,106,0,Y,1200
nominal,1002,Segmented-64,64,23795132.259651676,3.1201711001158703,78643200,74244884,2220,74247104,9434488,18561776,0.02890625,37.706876755758714,1169,31,75,75,0,0.0,0.0,0.0,31,75,106,106,0,Y,1200
nominal,1002,Segmented-256,256,22959747.895883378,3.2336977015898296,78643200,74244884,10476,74255360,2474080,4640960,0.13640625,9.581853754395642,1169,31,75,75,0,0.0,0.0,0.0,31,75,106,106,0,Y,1200
nominal,1002,Segmented-4096,4096,22956867.895883378,3.234103377548014,78643200,74244884,154860,74399744,298912,290624,2.01640625,0.7923898232768113,1169,31,75,75,0,0.0,0.0,0.0,31,75,106,106,0,Y,1200
nominal,1002,Segmented-16384,16384,22956723.895883378,3.234123664017829,78643200,74244884,629996,74874880,190160,73120,8.203072916666667,0.35162660694748354,1169,31,75,75,0,0.0,0.0,0.0,31,75,106,106,0,Y,1200
nominal,1002,PROSE,0,22956687.895883378,3.3372228758547564,78643200,76611584,0,76611584,153600,0,0.0,0.200491873396065,1169,31,0,0,0,0.0,1.0,1.0,31,75,106,31,75,Y,1200
nominal,1003,NoCheck,0,23238832.683851823,3.173196132662951,78643200,73741374,4901826,78643200,153600,0,63.825859375,0.1953125,1200,0,0,107,0,0.0,0.0,0.0,41,66,107,107,0,Y,1200
nominal,1003,SharedRef,0,23239082.683851823,3.3840922668882674,78643200,78643200,0,78643200,230400,0,0.0,0.29296875,1200,0,0,0,1,250.0,3.4056602660935527,10.92482836395142,41,66,107,0,107,N,1200
nominal,1003,TwoPhase,0,23242368.683851823,3.3836138248094825,78643200,78643200,0,78643200,307200,0,0.0,0.390625,1200,0,0,0,1,3500.0,3.239488923900729,10.750475454291756,41,66,107,0,107,N,1200
nominal,1003,GenOnly,0,23238868.683851823,3.1731912169735375,78643200,73741374,2214850,75956224,153600,0,28.839192708333332,0.20222174288179467,1159,41,0,66,0,0.0,0.0,0.0,41,66,107,107,0,Y,1200
nominal,1003,RDMAKey,0,23238868.683851823,3.1731912169735375,78643200,73741374,2214850,75956224,153600,0,28.839192708333332,0.20222174288179467,1159,41,0,66,0,0.0,0.0,0.0,41,66,107,107,0,Y,1200
nominal,1003,Segmented-64,64,23745436.210061423,3.105496708826696,78643200,73741374,1858,73743232,9371504,18435808,0.024192708333333333,37.708290301135705,1159,41,66,66,0,0.0,0.0,0.0,41,66,107,107,0,Y,1200
nominal,1003,Segmented-256,256,23242948.683851823,3.172634204163272,78643200,73741374,8130,73749504,2458272,4609344,0.105859375,9.583272587162078,1159,41,66,66,0,0.0,0.0,0.0,41,66,107,107,0,Y,1200
nominal,1003,Segmented-4096,4096,23239108.683851823,3.1731584460999884,78643200,73741374,134082,73875456,297888,288576,1.745859375,0.79385499833666,1159,41,66,66,0,0.0,0.0,0.0,41,66,107,107,0,Y,1200
nominal,1003,Segmented-16384,16384,23238916.683851823,3.1731846627446774,78643200,73741374,576450,74317824,189888,72576,7.505859375,0.3531642691798942,1159,41,66,66,0,0.0,0.0,0.0,41,66,107,107,0,Y,1200
nominal,1003,PROSE,0,23238868.683851823,3.2684992128201276,78643200,75956224,0,75956224,153600,0,0.0,0.20222174288179467,1159,41,0,0,0,0.0,1.0,1.0,41,66,107,41,66,Y,1200
nominal,1004,NoCheck,0,22845101.77547416,3.2720239434542213,78643200,74749720,3893480,78643200,153600,0,50.696354166666666,0.1953125,1200,0,0,87,0,0.0,0.0,0.0,29,58,87,87,0,Y,1200
nominal,1004,SharedRef,0,22845351.77547416,3.4424158040073665,78643200,78643200,0,78643200,230400,0,0.0,0.29296875,1200,0,0,0,1,250.0,3.1990078881461734,12.54538163793594,29,58,87,0,87,N,1200
nominal,1004,TwoPhase,0,22848619.77547416,3.4419234410131003,78643200,78643200,0,78643200,307200,0,0.0,0.390625,1200,0,0,0,1,3500.0,3.010090859685006,12.375160340299663,29,58,87,0,87,N,1200
nominal,1004,GenOnly,0,22845119.77547416,3.272021365379273,78643200,74749720,1992936,76742656,153600,0,25.9496875,0.20014944491887274,1171,29,0,58,0,0.0,0.0,0.0,29,58,87,87,0,Y,1200
nominal,1004,RDMAKey,0,22845119.77547416,3.272021365379273,78643200,74749720,1992936,76742656,153600,0,25.9496875,0.20014944491887274,1171,29,0,58,0,0.0,0.0,0.0,29,58,87,87,0,Y,1200
nominal,1004,Segmented-64,64,23615265.645093646,3.1653135358877553,78643200,74749720,2216,74751936,9497592,18687984,0.028854166666666667,37.70547962797913,1171,29,58,58,0,0.0,0.0,0.0,29,58,87,87,0,Y,1200
nominal,1004,Segmented-256,256,22848695.18073486,3.27150935354182,78643200,74749720,8168,74757888,2489784,4672368,0.10635416666666667,9.580463268304209,1171,29,58,58,0,0.0,0.0,0.0,29,58,87,87,0,Y,1200
nominal,1004,Segmented-4096,4096,22845239.77547416,3.2720041783167733,78643200,74749720,108776,74858496,299808,292416,1.4163541666666666,0.7911246306631647,1171,29,58,58,0,0.0,0.0,0.0,29,58,87,87,0,Y,1200
nominal,1004,Segmented-16384,16384,22845143.77547416,3.2720179279523287,78643200,74749720,501992,75251712,190344,73488,6.5363541666666665,0.3505993325440888,1171,29,58,58,0,0.0,0.0,0.0,29,58,87,87,0,Y,1200
nominal,1004,PROSE,0,22845119.77547416,3.359258202812691,78643200,76742656,0,76742656,153600,0,0.0,0.20014944491887274,1171,29,0,0,0,0.0,1.0,1.0,29,58,87,29,58,Y,1200
nominal,1005,NoCheck,0,23680357.27851771,3.1393913582309554,78643200,74341909,4301291,78643200,153600,0,56.00639322916667,0.1953125,1200,0,0,101,0,0.0,0.0,0.0,31,70,101,101,0,Y,1200
nominal,1005,SharedRef,0,23680607.27851771,3.3209959134511977,78643200,78643200,0,78643200,230400,0,0.0,0.29296875,1200,0,0,0,1,250.0,2.6229956488502433,9.430845275714905,31,70,101,0,101,N,1200
nominal,1005,TwoPhase,0,23683893.27851771,3.320535144926223,78643200,78643200,0,78643200,307200,0,0.0,0.390625,1200,0,0,0,1,3500.0,2.4302797781314784,9.267375083468526,31,70,101,0,101,N,1200
nominal,1005,GenOnly,0,23680393.27851771,3.139386585586871,78643200,74341909,2269675,76611584,153600,0,29.553059895833332,0.200491873396065,1169,31,0,70,0,0.0,0.0,0.0,31,70,101,101,0,Y,1200
nominal,1005,RDMAKey,0,23680393.27851771,3.139386585586871,78643200,74341909,2269675,76611584,153600,0,29.553059895833332,0.200491873396065,1169,31,0,70,0,0.0,0.0,0.0,31,70,101,101,0,Y,1200
nominal,1005,Segmented-64,64,24245433.047482062,3.066223187451814,78643200,74341909,2155,74344064,9446608,18586016,0.028059895833333334,37.706606945781175,1169,31,70,70,0,0.0,0.0,0.0,31,70,101,101,0,Y,1200
nominal,1005,Segmented-256,256,23684473.27851771,3.138845779924082,78643200,74341909,9451,74351360,2477080,4646960,0.12305989583333334,9.581586671716563,1169,31,70,70,0,0.0,0.0,0.0,31,70,101,101,0,Y,1200
nominal,1005,Segmented-4096,4096,23680633.27851771,3.139354768330479,78643200,74341909,152043,74493952,299096,290992,1.9797265625,0.7921287354978832,1169,31,70,70,0,0.0,0.0,0.0,31,70,101,101,0,Y,1200
nominal,1005,Segmented-16384,16384,23680441.27851771,3.1393802220839984,78643200,74341909,565739,74907648,190176,73152,7.3663932291666665,0.3515368684383202,1169,31,70,70,0,0.0,0.0,0.0,31,70,101,101,0,Y,1200
nominal,1005,PROSE,0,23680393.27851771,3.2352327555936418,78643200,76611584,0,76611584,153600,0,0.0,0.200491873396065,1169,31,0,0,0,0.0,1.0,1.0,31,70,101,31,70,Y,1200
nominal,1006,NoCheck,0,23618475.81033285,3.141762008517783,78643200,74203630,4439570,78643200,153600,0,57.80690104166667,0.1953125,1200,0,0,99,0,0.0,0.0,0.0,32,67,99,99,0,Y,1200
nominal,1006,SharedRef,0,23618725.81033285,3.3296969799105227,78643200,78643200,0,78643200,230400,0,0.0,0.29296875,1200,0,0,0,1,250.0,2.355621510849762,8.006770472406075,32,67,99,0,99,N,1200
nominal,1006,TwoPhase,0,23622398.81033285,3.329179251922548,78643200,78643200,0,78643200,307200,0,0.0,0.390625,1200,0,0,0,1,3500.0,2.169924317148112,7.824528552483257,32,67,99,0,99,N,1200
nominal,1006,GenOnly,0,23618898.81033285,3.1417057414860183,78643200,74203630,2342418,76546048,153600,0,30.500234375,0.2006635273972603,1168,32,0,67,0,0.0,0.0,0.0,32,67,99,99,0,Y,1200
nominal,1006,RDMAKey,0,23618898.81033285,3.1417057414860183,78643200,74203630,2342418,76546048,153600,0,30.500234375,0.2006635273972603,1168,32,0,67,0,0.0,0.0,0.0,32,67,99,99,0,Y,1200
nominal,1006,Segmented-64,64,23831652.658685558,3.11365858938684,78643200,74203630,2130,74205760,9429320,18551440,0.027734375,37.70699201787031,1168,32,67,67,0,0.0,0.0,0.0,32,67,99,99,0,Y,1200
nominal,1006,Segmented-256,256,23624966.81033285,3.1408988040374966,78643200,74203630,9490,74213120,2472760,4638320,0.12356770833333333,9.581971489677297,1168,32,67,67,0,0.0,0.0,0.0,32,67,99,99,0,Y,1200
nominal,1006,Segmented-4096,4096,23583698.81033285,3.1463949144181225,78643200,74203630,126482,74330112,298776,290352,1.6469010416666667,0.7925832265663747,1168,32,67,67,0,0.0,0.0,0.0,32,67,99,99,0,Y,1200
nominal,1006,Segmented-16384,16384,23590778.81033285,3.1454506269839015,78643200,74203630,540178,74743808,190096,72992,7.033567708333333,0.35198634781893906,1168,32,67,67,0,0.0,0.0,0.0,32,67,99,99,0,Y,1200
nominal,1006,PROSE,0,23618898.81033285,3.2408813219739296,78643200,76546048,0,76546048,153600,0,0.0,0.2006635273972603,1168,32,0,0,0,0.0,1.0,1.0,32,67,99,32,67,Y,1200
nominal,1007,NoCheck,0,22991120.381277844,3.222771433980974,78643200,74095126,4548074,78643200,153600,0,59.219713541666664,0.1953125,1200,0,0,107,0,0.0,0.0,0.0,33,74,107,107,0,Y,1200
nominal,1007,SharedRef,0,22991370.381277844,3.4205529594721384,78643200,78643200,0,78643200,230400,0,0.0,0.29296875,1200,0,0,0,1,250.0,3.314851025160981,11.391582158411635,33,74,107,0,107,N,1200
nominal,1007,TwoPhase,0,22994638.381277844,3.4200668301890333,78643200,78643200,0,78643200,307200,0,0.0,0.390625,1200,0,0,0,1,3500.0,3.133335264842649,11.248650818179165,33,74,107,0,107,N,1200
nominal,1007,GenOnly,0,22991138.381277844,3.2227689108398905,78643200,74095126,2385386,76480512,153600,0,31.059713541666667,0.20083547557840617,1167,33,0,74,0,0.0,0.0,0.0,33,74,107,107,0,Y,1200
nominal,1007,RDMAKey,0,22991138.381277844,3.2227689108398905,78643200,74095126,2385386,76480512,153600,0,31.059713541666667,0.20083547557840617,1167,33,0,74,0,0.0,0.0,0.0,33,74,107,107,0,Y,1200
nominal,1007,Segmented-64,64,23890333.19960002,3.1014689238926367,78643200,74095126,2602,74097728,9415816,18524432,0.033880208333333335,37.70729380528375,1167,33,74,74,0,0.0,0.0,0.0,33,74,107,107,0,Y,1200
nominal,1007,Segmented-256,256,22993178.381277844,3.2224829804448363,78643200,74095126,9706,74104832,2469376,4631552,0.12638020833333333,9.582273933230157,1167,33,74,74,0,0.0,0.0,0.0,33,74,107,107,0,Y,1200
nominal,1007,Segmented-4096,4096,22991258.381277844,3.2227520900002964,78643200,74095126,153066,74248192,298616,290032,1.993046875,0.7928112242787003,1167,33,74,74,0,0.0,0.0,0.0,33,74,107,107,0,Y,1200
nominal,1007,Segmented-16384,16384,22991162.381277844,3.2227655466579246,78643200,74095126,599530,74694656,190072,72944,7.806380208333334,0.352121576140601,1167,33,74,74,0,0.0,0.0,0.0,33,74,107,107,0,Y,1200
nominal,1007,PROSE,0,22991138.381277844,3.3265213201569717,78643200,76480512,0,76480512,153600,0,0.0,0.20083547557840617,1167,33,0,0,0,0.0,1.0,1.0,33,74,107,33,74,Y,1200
nominal,1008,NoCheck,0,23166543.859707654,3.2067237758846896,78643200,74288707,4354493,78643200,153600,0,56.69912760416667,0.1953125,1200,0,0,110,0,0.0,0.0,0.0,28,82,110,110,0,Y,1200
nominal,1008,SharedRef,0,23166793.859707654,3.3946518657801192,78643200,78643200,0,78643200,230400,0,0.0,0.29296875,1200,0,0,0,1,250.0,3.0016168721126473,7.684069366004241,28,82,110,0,110,N,1200
nominal,1008,TwoPhase,0,23170529.859707654,3.3941045144917656,78643200,78643200,0,78643200,307200,0,0.0,0.390625,1200,0,0,0,1,3500.0,2.812418049339265,7.498028603823826,28,82,110,0,110,N,1200
nominal,1008,GenOnly,0,23150445.859707654,3.208953618007689,78643200,74288707,2519485,76808192,153600,0,32.80579427083333,0.1999786689419795,1172,28,0,82,0,0.0,0.0,0.0,28,82,110,110,0,Y,1200
nominal,1008,RDMAKey,0,23150445.859707654,3.208953618007689,78643200,74288707,2519485,76808192,153600,0,32.80579427083333,0.1999786689419795,1172,28,0,82,0,0.0,0.0,0.0,28,82,110,110,0,Y,1200
nominal,1008,Segmented-64,64,23658100.511904895,3.1400960090865064,78643200,74288707,2173,74290880,9439960,18572720,0.028294270833333333,37.70675485335481,1172,28,82,82,0,0.0,0.0,0.0,28,82,110,110,0,Y,1200
nominal,1008,Segmented-256,256,23166717.859707654,3.20669969090466,78643200,74288707,9661,74298368,2475424,4643648,0.12579427083333333,9.581734016014995,1172,28,82,82,0,0.0,0.0,0.0,28,82,110,110,0,Y,1200
nominal,1008,Segmented-4096,4096,23125616.019258585,3.2123990529866853,78643200,74288707,160189,74448896,299008,290816,2.0857942708333335,0.7922535211267605,1172,28,82,82,0,0.0,0.0,0.0,28,82,110,110,0,Y,1200
nominal,1008,Segmented-16384,16384,23125280.019258585,3.2124457277115277,78643200,74288707,635325,74924032,190184,73168,8.2724609375,0.3514920286190684,1172,28,82,82,0,0.0,0.0,0.0,28,82,110,110,0,Y,1200
nominal,1008,PROSE,0,23150445.859707654,3.317784567323661,78643200,76808192,0,76808192,153600,0,0.0,0.1999786689419795,1172,28,0,0,0,0.0,1.0,1.0,28,82,110,28,82,Y,1200
nominal,1009,NoCheck,0,23537284.083310906,3.1446871583829834,78643200,74017395,4625805,78643200,153600,0,60.2318359375,0.1953125,1200,0,0,102,0,0.0,0.0,0.0,36,66,102,102,0,Y,1200
nominal,1009,SharedRef,0,23537534.083310906,3.341182628632339,78643200,78643200,0,78643200,230400,0,0.0,0.29296875,1200,0,0,0,1,250.0,2.4488937051350304,7.276685245187484,36,66,102,0,102,N,1200
nominal,1009,TwoPhase,0,23541063.083310906,3.3406817577305143,78643200,78643200,0,78643200,307200,0,0.0,0.390625,1200,0,0,0,1,3500.0,2.257263217918436,7.103804757970891,36,66,102,0,102,N,1200
nominal,1009,GenOnly,0,23504395.083310906,3.14908742546433,78643200,74017395,2266509,76283904,153600,0,29.5118359375,0.20135309278350513,1164,36,0,66,0,0.0,0.0,0.0,36,66,102,102,0,Y,1200
nominal,1009,RDMAKey,0,23504395.083310906,3.14908742546433,78643200,74017395,2266509,76283904,153600,0,29.5118359375,0.20135309278350513,1164,36,0,66,0,0.0,0.0,0.0,36,66,102,102,0,Y,1200
nominal,1009,Segmented-64,64,23861391.82909045,3.101973075592439,78643200,74017395,1677,74019072,9405984,18504768,0.0218359375,37.70751408501852,1164,36,66,66,0,0.0,0.0,0.0,36,66,102,102,0,Y,1200
nominal,1009,Segmented-256,256,23522827.083310906,3.146619865794713,78643200,74017395,7821,74025216,2466888,4626576,0.1018359375,9.582496861609968,1164,36,66,66,0,0.0,0.0,0.0,36,66,102,102,0,Y,1200
nominal,1009,Segmented-4096,4096,23495859.083310906,3.1502314828136893,78643200,74017395,144781,74162176,298448,289696,1.8851692708333334,0.7930511639787915,1164,36,66,66,0,0.0,0.0,0.0,36,66,102,102,0,Y,1200
nominal,1009,Segmented-16384,16384,23496547.083310906,3.1501392412067633,78643200,74017395,546189,74563584,190008,72816,7.1118359375,0.3524830566084377,1164,36,66,66,0,0.0,0.0,0.0,36,66,102,102,0,Y,1200
nominal,1009,PROSE,0,23504395.083310906,3.2455165823078227,78643200,76283904,0,76283904,153600,0,0.0,0.20135309278350513,1164,36,0,0,0,0.0,1.0,1.0,36,66,102,36,66,Y,1200
race_stress,1000,NoCheck,0,20404481.34233441,2.608637637339248,78643200,53227898,25415302,78643200,153600,0,330.92841145833336,0.1953125,1200,0,0,599,0,0.0,0.0,0.0,175,424,599,599,0,Y,1200
race_stress,1000,SharedRef,0,20404731.34233441,3.8541649326612895,78643200,78643200,0,78643200,230400,0,0.0,0.29296875,1200,0,0,0,1,250.0,10.464937081376071,31.725568579158384,175,424,599,0,599,N,1200
race_stress,1000,TwoPhase,0,20408008.34233441,3.8535460531375034,78643200,78643200,0,78643200,307200,0,0.0,0.390625,1200,0,0,0,1,3500.0,10.361662942390474,31.68918482788492,175,424,599,0,599,N,1200
race_stress,1000,GenOnly,0,20372951.65279192,2.6126748301935727,78643200,53227898,13946502,67174400,153600,0,181.595078125,0.22865853658536583,1025,175,0,424,0,0.0,0.0,0.0,175,424,599,599,0,Y,1200
race_stress,1000,RDMAKey,0,20372951.65279192,2.6126748301935727,78643200,53227898,13946502,67174400,153600,0,181.595078125,0.22865853658536583,1025,175,0,424,0,0.0,0.0,0.0,175,424,599,599,0,Y,1200
race_stress,1000,Segmented-64,64,20377043.65279192,2.6121501679517225,78643200,53227898,13638,53241536,6808792,13310384,0.177578125,37.788496560279555,1025,175,424,424,0,0.0,0.0,0.0,175,424,599,599,0,Y,1200
race_stress,1000,Segmented-256,256,20373971.65279192,2.6125440295636215,78643200,53227898,52358,53280256,1818608,3330016,0.6817447916666667,9.663286903125991,1025,175,424,424,0,0.0,0.0,0.0,175,424,599,599,0,Y,1200
race_stress,1000,Segmented-4096,4096,20373011.65279192,2.612667135676312,78643200,53227898,827014,54054912,259176,211152,10.768411458333333,0.8700929898840646,1025,175,424,424,0,0.0,0.0,0.0,175,424,599,599,0,Y,1200
race_stress,1000,Segmented-16384,16384,20372963.65279192,2.612673291286495,78643200,53227898,3444358,56672256,181272,55344,44.84841145833333,0.4175164651994796,1025,175,424,424,0,0.0,0.0,0.0,175,424,599,599,0,Y,1200
race_stress,1000,PROSE,0,20372951.65279192,3.2972345463154515,78643200,67174400,0,67174400,153600,0,0.0,0.22865853658536583,1025,175,0,0,0,0.0,1.0,1.0,175,424,599,175,424,Y,1200
race_stress,1001,NoCheck,0,20518362.463128343,2.6145682968805852,78643200,53646660,24996540,78643200,153600,0,325.47578125,0.1953125,1200,0,0,598,0,0.0,0.0,0.0,166,432,598,598,0,Y,1200
race_stress,1001,SharedRef,0,20518612.463128343,3.8327737872782928,78643200,78643200,0,78643200,230400,0,0.0,0.29296875,1200,0,0,0,1,250.0,8.656899849581086,20.184542687130023,166,432,598,0,598,N,1200
race_stress,1001,TwoPhase,0,20524319.463128343,3.8317080447554632,78643200,78643200,0,78643200,307200,0,0.0,0.390625,1200,0,0,0,1,3500.0,8.586221267890846,20.10202037646915,166,432,598,0,598,N,1200
race_stress,1001,GenOnly,0,20232858.54109839,2.651462218797664,78643200,53646660,14117564,67764224,153600,0,183.82244791666668,0.22666827852998064,1034,166,0,432,0,0.0,0.0,0.0,166,432,598,598,0,Y,1200
race_stress,1001,RDMAKey,0,20232858.54109839,2.651462218797664,78643200,53646660,14117564,67764224,153600,0,183.82244791666668,0.22666827852998064,1034,166,0,432,0,0.0,0.0,0.0,166,432,598,598,0,Y,1200
race_stress,1001,Segmented-64,64,20210754.271378115,2.654362092560437,78643200,53646660,13820,53660480,6861160,13415120,0.17994791666666668,37.78624417821085,1034,166,432,432,0,0.0,0.0,0.0,166,432,598,598,0,Y,1200
race_stress,1001,Segmented-256,256,20175378.271378115,2.6590163157488877,78643200,53646660,56764,53703424,1831832,3356464,0.7391145833333334,9.661015282749942,1034,166,432,432,0,0.0,0.0,0.0,166,432,598,598,0,Y,1200
race_stress,1001,Segmented-4096,4096,20167158.271378115,2.660100113169493,78643200,53646660,871100,54517760,260080,212960,11.342447916666666,0.8676805503380915,1034,166,432,432,0,0.0,0.0,0.0,166,432,598,598,0,Y,1200
race_stress,1001,Segmented-16384,16384,20174794.271378115,2.6590932863245236,78643200,53646660,3467964,57114624,181488,55776,45.15578125,0.4154172493545611,1034,166,432,432,0,0.0,0.0,0.0,166,432,598,598,0,Y,1200
race_stress,1001,PROSE,0,20232858.54109839,3.3492165164083265,78643200,67764224,0,67764224,153600,0,0.0,0.22666827852998064,1034,166,0,0,0,0.0,1.0,1.0,166,432,598,166,432,Y,1200
race_stress,1002,NoCheck,0,20351029.93991874,2.581679657251282,78643200,52539840,26103360,78643200,153600,0,339.8875,0.1953125,1200,0,0,610,0,0.0,0.0,0.0,193,417,610,610,0,Y,1200
race_stress,1002,SharedRef,0,20351279.93991874,3.8642876630939806,78643200,78643200,0,78643200,230400,0,0.0,0.29296875,1200,0,0,0,1,250.0,12.370680539199174,31.841908955089664,193,417,610,0,610,N,1200
race_stress,1002,TwoPhase,0,20360964.93991874,3.862449556396803,78643200,78643200,0,78643200,307200,0,0.0,0.390625,1200,0,0,0,1,3500.0,12.223802118558456,31.850014169929764,193,417,610,0,610,N,1200
race_stress,1002,GenOnly,0,20122557.410169795,2.610992178034326,78643200,52539840,13454912,65994752,153600,0,175.19416666666666,0.2327457795431976,1007,193,0,417,0,0.0,0.0,0.0,193,417,610,610,0,Y,1200
race_stress,1002,RDMAKey,0,20122557.410169795,2.610992178034326,78643200,52539840,13454912,65994752,153600,0,175.19416666666666,0.2327457795431976,1007,193,0,417,0,0.0,0.0,0.0,193,417,610,610,0,Y,1200
race_stress,1002,Segmented-64,64,20164171.702890333,2.605603680337087,78643200,52539840,12864,52552704,6722688,13138176,0.1675,37.792278014847724,1007,193,417,417,0,0.0,0.0,0.0,193,417,610,610,0,Y,1200
race_stress,1002,Segmented-256,256,20102387.496392626,2.613611940841767,78643200,52539840,54080,52593920,1797160,3287120,0.7041666666666667,9.66704896687678,1007,193,417,417,0,0.0,0.0,0.0,193,417,610,610,0,Y,1200
race_stress,1002,Segmented-4096,4096,20101243.496392626,2.6137606864684173,78643200,52539840,851520,53391360,257880,208560,11.0875,0.873624496547756,1007,193,417,417,0,0.0,0.0,0.0,193,417,610,610,0,Y,1200
race_stress,1002,Segmented-16384,16384,20102187.496392626,2.6136379441007787,78643200,52539840,3460672,56000512,180944,54688,45.060833333333335,0.42076758155354005,1007,193,417,417,0,0.0,0.0,0.0,193,417,610,610,0,Y,1200
race_stress,1002,PROSE,0,20122557.410169795,3.2796403883855603,78643200,65994752,0,65994752,153600,0,0.0,0.2327457795431976,1007,193,0,0,0,0.0,1.0,1.0,193,417,610,193,417,Y,1200
race_stress,1003,NoCheck,0,20398437.53614419,2.640370808036936,78643200,53859439,24783761,78643200,153600,0,322.70522135416667,0.1953125,1200,0,0,571,0,0.0,0.0,0.0,180,391,571,571,0,Y,1200
race_stress,1003,SharedRef,0,20398687.53614419,3.8553068603385907,78643200,78643200,0,78643200,230400,0,0.0,0.29296875,1200,0,0,0,1,250.0,17.67331383007705,31.7076425430115,180,391,571,0,571,N,1200
race_stress,1003,TwoPhase,0,20408390.53614419,3.853473886670255,78643200,78643200,0,78643200,307200,0,0.0,0.390625,1200,0,0,0,1,3500.0,17.548434428243958,31.71808587503887,180,391,571,0,571,N,1200
race_stress,1003,GenOnly,0,20372168.06316911,2.643775509459526,78643200,53859439,12987281,66846720,153600,0,169.10522135416667,0.2297794117647059,1020,180,0,391,0,0.0,0.0,0.0,180,391,571,571,0,Y,1200
race_stress,1003,RDMAKey,0,20372168.06316911,2.643775509459526,78643200,53859439,12987281,66846720,153600,0,169.10522135416667,0.2297794117647059,1020,180,0,391,0,0.0,0.0,0.0,180,391,571,571,0,Y,1200
race_stress,1003,Segmented-64,64,20388536.06316911,2.6416530756857246,78643200,53859439,12113,53871552,6887544,13467888,0.15772135416666666,37.78512265620266,1020,180,391,391,0,0.0,0.0,0.0,180,391,571,571,0,Y,1200
race_stress,1003,Segmented-256,256,20376248.06316911,2.6432461380048227,78643200,53859439,49297,53908736,1838248,3369296,0.6418880208333333,9.659925990473974,1020,180,391,391,0,0.0,0.0,0.0,180,391,571,571,0,Y,1200
race_stress,1003,Segmented-4096,4096,20372408.06316911,2.6437443640926994,78643200,53859439,777105,54636544,260312,213424,10.1185546875,0.8670680195292001,1020,180,391,391,0,0.0,0.0,0.0,180,391,571,571,0,Y,1200
race_stress,1003,Segmented-16384,16384,20372216.06316911,2.643769280327454,78643200,53859439,3255185,57114624,181488,55776,42.38522135416667,0.4154172493545611,1020,180,391,391,0,0.0,0.0,0.0,180,391,571,571,0,Y,1200
race_stress,1003,PROSE,0,20372168.06316911,3.281276680651989,78643200,66846720,0,66846720,153600,0,0.0,0.2297794117647059,1020,180,0,0,0,0.0,1.0,1.0,180,391,571,180,391,Y,1200
race_stress,1004,NoCheck,0,20275388.225955203,2.6773508548906015,78643200,54284328,24358872,78643200,153600,0,317.1728125,0.1953125,1200,0,0,566,0,0.0,0.0,0.0,174,392,566,566,0,Y,1200
race_stress,1004,SharedRef,0,20275638.225955203,3.878704044902885,78643200,78643200,0,78643200,230400,0,0.0,0.29296875,1200,0,0,0,1,250.0,16.100812861500458,24.967732512960147,174,392,566,0,566,N,1200
race_stress,1004,TwoPhase,0,20282803.225955203,3.8773338736217196,78643200,78643200,0,78643200,307200,0,0.0,0.390625,1200,0,0,0,1,3500.0,16.008243228221815,24.896846680674468,174,392,566,0,566,N,1200
race_stress,1004,GenOnly,0,20023024.875415478,2.7110952684602108,78643200,54284328,12955608,67239936,153600,0,168.6928125,0.22843567251461988,1026,174,0,392,0,0.0,0.0,0.0,174,392,566,566,0,Y,1200
race_stress,1004,RDMAKey,0,20023024.875415478,2.7110952684602108,78643200,54284328,12955608,67239936,153600,0,168.6928125,0.22843567251461988,1026,174,0,392,0,0.0,0.0,0.0,174,392,566,566,0,Y,1200
race_stress,1004,Segmented-64,64,20017292.875415478,2.7118715971164145,78643200,54284328,12696,54297024,6940728,13574256,0.1653125,37.78288843233839,1026,174,392,392,0,0.0,0.0,0.0,174,392,566,566,0,Y,1200
race_stress,1004,Segmented-256,256,20013236.875415478,2.712421200924453,78643200,54284328,49880,54334208,1851544,3395888,0.6494791666666667,9.657694835636512,1026,174,392,392,0,0.0,0.0,0.0,174,392,566,566,0,Y,1200
race_stress,1004,Segmented-4096,4096,20012868.875415478,2.712471077381854,78643200,54284328,815064,55099392,261216,215232,10.6128125,0.8647064562890278,1026,174,392,392,0,0.0,0.0,0.0,174,392,566,566,0,Y,1200
race_stress,1004,Segmented-16384,16384,20014852.875415478,2.712202199931142,78643200,54284328,3223512,57507840,181680,56160,41.9728125,0.4135783920940171,1026,174,392,392,0,0.0,0.0,0.0,174,392,566,566,0,Y,1200
race_stress,1004,PROSE,0,20023024.875415478,3.3581307728662937,78643200,67239936,0,67239936,153600,0,0.0,0.22843567251461988,1026,174,0,0,0,0.0,1.0,1.0,174,392,566,174,392,Y,1200
race_stress,1005,NoCheck,0,21099486.663589165,2.5149836034434268,78643200,53064863,25578337,78643200,153600,0,333.05126302083335,0.1953125,1200,0,0,607,0,0.0,0.0,0.0,181,426,607,607,0,Y,1200
race_stress,1005,SharedRef,0,21099736.663589165,3.72721239387366,78643200,78643200,0,78643200,230400,0,0.0,0.29296875,1200,0,0,0,1,250.0,5.895470212233856,26.8707986707134,181,426,607,0,607,N,1200
race_stress,1005,TwoPhase,0,21105173.663589165,3.726252209697566,78643200,78643200,0,78643200,307200,0,0.0,0.390625,1200,0,0,0,1,3500.0,5.717913880393862,26.76460019335151,181,426,607,0,607,N,1200
race_stress,1005,GenOnly,0,20759071.05849487,2.5562253171384177,78643200,53064863,13716321,66781184,153600,0,178.5979296875,0.23000490677134444,1019,181,0,426,0,0.0,0.0,0.0,181,426,607,607,0,Y,1200
race_stress,1005,RDMAKey,0,20759071.05849487,2.5562253171384177,78643200,53064863,13716321,66781184,153600,0,178.5979296875,0.23000490677134444,1019,181,0,426,0,0.0,0.0,0.0,181,426,607,607,0,Y,1200
race_stress,1005,Segmented-64,64,20739651.05849487,2.5586188914333188,78643200,53064863,13537,53078400,6788400,13269600,0.17626302083333334,37.789383251944294,1019,181,426,426,0,0.0,0.0,0.0,181,426,607,607,0,Y,1200
race_stress,1005,Segmented-256,256,20732835.05849487,2.5594600473251594,78643200,53064863,54369,53119232,1813576,3319952,0.7079296875,9.6641608071442,1019,181,426,426,0,0.0,0.0,0.0,181,426,607,607,0,Y,1200
race_stress,1005,Segmented-4096,4096,20732595.05849487,2.5594896755704237,78643200,53064863,838497,53903360,258880,210560,10.9179296875,0.8708919072948329,1019,181,426,426,0,0.0,0.0,0.0,181,426,607,607,0,Y,1200
race_stress,1005,Segmented-16384,16384,20734531.05849487,2.559250693941279,78643200,53064863,3574625,56639488,181256,55312,46.544596354166664,0.4176732671029795,1019,181,426,426,0,0.0,0.0,0.0,181,426,607,607,0,Y,1200
race_stress,1005,PROSE,0,20759071.05849487,3.21696398706012,78643200,66781184,0,66781184,153600,0,0.0,0.23000490677134444,1019,181,0,0,0,0.0,1.0,1.0,181,426,607,181,426,Y,1200
race_stress,1006,NoCheck,0,20813234.63173934,2.453002808229688,78643200,51054923,27588277,78643200,153600,0,359.22235677083336,0.1953125,1200,0,0,625,0,0.0,0.0,0.0,211,414,625,625,0,Y,1200
race_stress,1006,SharedRef,0,20813484.63173934,3.778473494057489,78643200,78643200,0,78643200,230400,0,0.0,0.29296875,1200,0,0,0,1,250.0,6.005639474304124,16.101821898517528,211,414,625,0,625,N,1200
race_stress,1006,TwoPhase,0,20817634.63173934,3.7777202545431194,78643200,78643200,0,78643200,307200,0,0.0,0.390625,1200,0,0,0,1,3500.0,5.847439103257521,15.954028629187372,211,414,625,0,625,N,1200
race_stress,1006,GenOnly,0,20610129.915988415,2.477176185114383,78643200,51054923,13760181,64815104,153600,0,179.1690234375,0.23698179979777553,989,211,0,414,0,0.0,0.0,0.0,211,414,625,625,0,Y,1200
race_stress,1006,RDMAKey,0,20610129.915988415,2.477176185114383,78643200,51054923,13760181,64815104,153600,0,179.1690234375,0.23698179979777553,989,211,0,414,0,0.0,0.0,0.0,211,414,625,625,0,Y,1200
race_stress,1006,Segmented-64,64,20595769.234560594,2.478903430046576,78643200,51054923,13045,51067968,6537096,12766992,0.16985677083333334,37.80077562514334,989,211,414,414,0,0.0,0.0,0.0,211,414,625,625,0,Y,1200
race_stress,1006,Segmented-256,256,20594334.19614444,2.4790761630719884,78643200,51054923,54965,51109888,1750784,3194368,0.7156901041666667,9.675528930918416,989,211,414,414,0,0.0,0.0,0.0,211,414,625,625,0,Y,1200
race_stress,1006,Segmented-4096,4096,20594334.19614444,2.4790761630719884,78643200,51054923,845493,51900416,254968,202736,11.0090234375,0.8818888850524821,989,211,414,414,0,0.0,0.0,0.0,211,414,625,625,0,Y,1200
race_stress,1006,Segmented-16384,16384,20595909.234560594,2.478886579783922,78643200,51054923,3454645,54509568,180216,53232,44.982356770833334,0.428269767245266,989,211,414,414,0,0.0,0.0,0.0,211,414,625,625,0,Y,1200
race_stress,1006,PROSE,0,20610129.915988415,3.144817828136025,78643200,64815104,0,64815104,153600,0,0.0,0.23698179979777553,989,211,0,0,0,0.0,1.0,1.0,211,414,625,211,414,Y,1200
race_stress,1007,NoCheck,0,20516336.29861857,2.631978449467895,78643200,53998555,24644645,78643200,153600,0,320.89381510416666,0.1953125,1200,0,0,592,0,0.0,0.0,0.0,159,433,592,592,0,Y,1200
race_stress,1007,SharedRef,0,20516586.29861857,3.83315230201309,78643200,78643200,0,78643200,230400,0,0.0,0.29296875,1200,0,0,0,1,250.0,28.591739557500617,43.570525187693384,159,433,592,0,592,N,1200
race_stress,1007,TwoPhase,0,20528053.29861857,3.8310110976422824,78643200,78643200,0,78643200,307200,0,0.0,0.390625,1200,0,0,0,1,3500.0,28.80341086518406,43.761721818265805,159,433,592,0,592,N,1200
race_stress,1007,GenOnly,0,20150979.323800176,2.6796987944016544,78643200,53998555,14224421,68222976,153600,0,185.21381510416666,0.22514409221902018,1041,159,0,433,0,0.0,0.0,0.0,159,433,592,592,0,Y,1200
race_stress,1007,RDMAKey,0,20150979.323800176,2.6796987944016544,78643200,53998555,14224421,68222976,153600,0,185.21381510416666,0.22514409221902018,1041,159,0,433,0,0.0,0.0,0.0,159,433,592,592,0,Y,1200
race_stress,1007,Segmented-64,64,20159163.323800176,2.6786109191470553,78643200,53998555,14437,54012992,6905224,13503248,0.18798177083333334,37.78437602567916,1041,159,433,433,0,0.0,0.0,0.0,159,433,592,592,0,Y,1200
race_stress,1007,Segmented-256,256,20153019.323800176,2.679427540479215,78643200,53998555,58405,54056960,1842880,3378560,0.7604817708333333,9.659144724379617,1041,159,433,433,0,0.0,0.0,0.0,159,433,592,592,0,Y,1200
race_stress,1007,Segmented-4096,4096,20151099.323800176,2.679682836768269,78643200,53998555,900133,54898688,260824,214448,11.720481770833333,0.8657256071401924,1041,159,433,433,0,0.0,0.0,0.0,159,433,592,592,0,Y,1200
race_stress,1007,Segmented-16384,16384,20151003.323800176,2.679695602859773,78643200,53998555,3525669,57524224,181688,56176,45.9071484375,0.41350231860581027,1041,159,433,433,0,0.0,0.0,0.0,159,433,592,592,0,Y,1200
race_stress,1007,PROSE,0,20150979.323800176,3.385591087348412,78643200,68222976,0,68222976,153600,0,0.0,0.22514409221902018,1041,159,0,0,0,0.0,1.0,1.0,159,433,592,159,433,Y,1200
race_stress,1008,NoCheck,0,20414510.044127606,2.578055896822239,78643200,52629748,26013452,78643200,153600,0,338.7168229166667,0.1953125,1200,0,0,616,0,0.0,0.0,0.0,185,431,616,616,0,Y,1200
race_stress,1008,SharedRef,0,20414760.044127606,3.852271583403796,78643200,78643200,0,78643200,230400,0,0.0,0.29296875,1200,0,0,0,1,250.0,9.0754636891525,21.327678491453504,185,431,616,0,616,N,1200
race_stress,1008,TwoPhase,0,20418757.044127606,3.8515174959005463,78643200,78643200,0,78643200,307200,0,0.0,0.390625,1200,0,0,0,1,3500.0,8.965791184833352,21.366827671385973,185,431,616,0,616,N,1200
race_stress,1008,GenOnly,0,20345517.629640743,2.586798181203578,78643200,52629748,13889292,66519040,153600,0,180.85015625,0.2309113300492611,1015,185,0,431,0,0.0,0.0,0.0,185,431,616,616,0,Y,1200
race_stress,1008,RDMAKey,0,20345517.629640743,2.586798181203578,78643200,52629748,13889292,66519040,153600,0,180.85015625,0.2309113300492611,1015,185,0,431,0,0.0,0.0,0.0,185,431,616,616,0,Y,1200
race_stress,1008,Segmented-64,64,20308453.629640743,2.5915192244467815,78643200,52629748,13132,52642880,6733960,13160720,0.17098958333333333,37.791777349567504,1015,185,431,431,0,0.0,0.0,0.0,185,431,616,616,0,Y,1200
race_stress,1008,Segmented-256,256,20267980.223061673,2.596694264587642,78643200,52629748,57100,52686848,1800064,3292928,0.7434895833333334,9.66653385679857,1015,185,431,431,0,0.0,0.0,0.0,185,431,616,616,0,Y,1200
race_stress,1008,Segmented-4096,4096,20263724.223061673,2.597239649565666,78643200,52629748,876300,53506048,258104,209008,11.41015625,0.8730078513741101,1015,185,431,431,0,0.0,0.0,0.0,185,431,616,616,0,Y,1200
race_stress,1008,Segmented-16384,16384,20266508.223061673,2.596882868066613,78643200,52629748,3485452,56115200,181000,54800,45.383489583333336,0.4202070027372263,1015,185,431,431,0,0.0,0.0,0.0,185,431,616,616,0,Y,1200
race_stress,1008,PROSE,0,20345517.629640743,3.2694690403497284,78643200,66519040,0,66519040,153600,0,0.0,0.2309113300492611,1015,185,0,0,0,0.0,1.0,1.0,185,431,616,185,431,Y,1200
race_stress,1009,NoCheck,0,20752368.57263556,2.5378004354377883,78643200,52665370,25977830,78643200,153600,0,338.25299479166665,0.1953125,1200,0,0,603,0,0.0,0.0,0.0,189,414,603,603,0,Y,1200
race_stress,1009,SharedRef,0,20752618.57263556,3.789555507163759,78643200,78643200,0,78643200,230400,0,0.0,0.29296875,1200,0,0,0,1,250.0,6.440327230715296,13.556559190828459,189,414,603,0,603,N,1200
race_stress,1009,TwoPhase,0,20758676.57263556,3.7884496020169607,78643200,78643200,0,78643200,307200,0,0.0,0.390625,1200,0,0,0,1,3500.0,6.2753936746111165,13.44781213611483,189,414,603,0,603,N,1200
race_stress,1009,GenOnly,0,20606657.41609586,2.555745404825485,78643200,52665370,13591526,66256896,153600,0,176.97299479166668,0.2318249258160237,1011,189,0,414,0,0.0,0.0,0.0,189,414,603,603,0,Y,1200
race_stress,1009,RDMAKey,0,20606657.41609586,2.555745404825485,78643200,52665370,13591526,66256896,153600,0,176.97299479166668,0.2318249258160237,1011,189,0,414,0,0.0,0.0,0.0,189,414,603,603,0,Y,1200
race_stress,1009,Segmented-64,64,20591369.143834867,2.5576429440957407,78643200,52665370,12966,52678336,6738392,13169584,0.168828125,37.791580964136756,1011,189,414,414,0,0.0,0.0,0.0,189,414,603,603,0,Y,1200
race_stress,1009,Segmented-256,256,20567261.284070514,2.560640878364768,78643200,52665370,50406,52715776,1800968,3294736,0.656328125,9.666373876389489,1011,189,414,414,0,0.0,0.0,0.0,189,414,603,603,0,Y,1200
race_stress,1009,Segmented-4096,4096,20563489.284070514,2.56111058159751,78643200,52665370,857062,53522432,258136,209072,11.159661458333334,0.8729199749368638,1011,189,414,414,0,0.0,0.0,0.0,189,414,603,603,0,Y,1200
race_stress,1009,Segmented-16384,16384,20566321.284070514,2.56075791448379,78643200,52665370,3449830,56115200,181000,54800,44.91966145833333,0.4202070027372263,1011,189,414,414,0,0.0,0.0,0.0,189,414,603,603,0,Y,1200
race_stress,1009,PROSE,0,20606657.41609586,3.215315063579731,78643200,66256896,0,66256896,153600,0,0.0,0.2318249258160237,1011,189,0,0,0,0.0,1.0,1.0,189,414,603,189,414,Y,1200
