trace,policy,buffer_pct,buffer_capacity,num_tenants,epoch_interval,total_descriptors,stale_admits,rpe_rate,eviction_race_pct,epoch_race_pct,buffer_evictions,trace_name
burstgpt_8t.csv,LRU,50,256,2,500,52440,1055,0.02011823035850496,0.01979405034324943,0.0003241800152555301,51548,BurstGPT
burstgpt_8t.csv,LRU,50,256,4,500,52440,3112,0.059344012204424104,0.05894355453852022,0.00040045766590389014,51548,BurstGPT
burstgpt_8t.csv,LRU,50,256,8,500,52440,7349,0.14014111365369947,0.13979786422578186,0.00034324942791762013,51548,BurstGPT
burstgpt_8t.csv,LRU,50,256,16,500,52440,15512,0.2958047292143402,0.2954805491990847,0.0003241800152555301,51548,BurstGPT
burstgpt_8t.csv,LRU,100,512,2,500,52440,1054,0.020099160945842867,0.019774980930587337,0.0003241800152555301,51112,BurstGPT
burstgpt_8t.csv,LRU,100,512,4,500,52440,3109,0.05928680396643783,0.058886346300533944,0.00040045766590389014,51112,BurstGPT
burstgpt_8t.csv,LRU,100,512,8,500,52440,7326,0.1397025171624714,0.1393592677345538,0.00034324942791762013,51112,BurstGPT
burstgpt_8t.csv,LRU,100,512,16,500,52440,15466,0.29492753623188406,0.29460335621662853,0.0003241800152555301,51112,BurstGPT
burstgpt_8t.csv,LRU,200,1024,2,500,52440,1051,0.020041952707856598,0.019717772692601068,0.0003241800152555301,50231,BurstGPT
burstgpt_8t.csv,LRU,200,1024,4,500,52440,3101,0.059134248665141116,0.05873379099923722,0.00040045766590389014,50231,BurstGPT
burstgpt_8t.csv,LRU,200,1024,8,500,52440,7293,0.13907322654462242,0.13872997711670482,0.00034324942791762013,50231,BurstGPT
burstgpt_8t.csv,LRU,200,1024,16,500,52440,15381,0.2933066361556064,0.29300152555301295,0.00030511060259344014,50231,BurstGPT
burstgpt_8t.csv,LRU,400,2048,2,500,52440,1040,0.019832189168573607,0.019508009153318077,0.0003241800152555301,48469,BurstGPT
burstgpt_8t.csv,LRU,400,2048,4,500,52440,3068,0.058504958047292145,0.05810450038138825,0.00040045766590389014,48469,BurstGPT
burstgpt_8t.csv,LRU,400,2048,8,500,52440,7219,0.13766209000762777,0.13731884057971014,0.00034324942791762013,48469,BurstGPT
burstgpt_8t.csv,LRU,400,2048,16,500,52440,15246,0.29073226544622427,0.2904271548436308,0.00030511060259344014,48469,BurstGPT
burstgpt_8t.csv,ARC,50,256,2,500,52440,1970,0.03756674294431731,0.0372044241037376,0.00036231884057971015,0,BurstGPT
burstgpt_8t.csv,ARC,50,256,4,500,52440,5847,0.11149885583524027,0.1110602593440122,0.0004385964912280702,0,BurstGPT
burstgpt_8t.csv,ARC,50,256,8,500,52440,13619,0.2597063310450038,0.25943935926773454,0.0002669717772692601,0,BurstGPT
burstgpt_8t.csv,ARC,50,256,16,500,52440,17969,0.34265827612509536,0.342372234935164,0.0002860411899313501,0,BurstGPT
burstgpt_8t.csv,ARC,100,512,2,500,52440,1531,0.0291952707856598,0.028832951945080093,0.00036231884057971015,0,BurstGPT
burstgpt_8t.csv,ARC,100,512,4,500,52440,4465,0.08514492753623189,0.08474446987032799,0.00040045766590389014,0,BurstGPT
burstgpt_8t.csv,ARC,100,512,8,500,52440,10464,0.19954233409610983,0.19918001525553014,0.00036231884057971015,0,BurstGPT
burstgpt_8t.csv,ARC,100,512,16,500,52440,17828,0.33996948893974066,0.3396834477498093,0.0002860411899313501,0,BurstGPT
burstgpt_8t.csv,ARC,200,1024,2,500,52440,1279,0.02438977879481312,0.02406559877955759,0.0003241800152555301,0,BurstGPT
burstgpt_8t.csv,ARC,200,1024,4,500,52440,3788,0.07223493516399696,0.07179633867276888,0.0004385964912280702,0,BurstGPT
burstgpt_8t.csv,ARC,200,1024,8,500,52440,8851,0.16878337147215866,0.16842105263157894,0.00036231884057971015,0,BurstGPT
burstgpt_8t.csv,ARC,200,1024,16,500,52440,17578,0.33520213577421815,0.3349160945842868,0.0002860411899313501,0,BurstGPT
burstgpt_8t.csv,ARC,400,2048,2,500,52440,1140,0.021739130434782608,0.02141495041952708,0.0003241800152555301,0,BurstGPT
burstgpt_8t.csv,ARC,400,2048,4,500,52440,3396,0.06475972540045767,0.06435926773455378,0.00040045766590389014,0,BurstGPT
burstgpt_8t.csv,ARC,400,2048,8,500,52440,8006,0.15266971777269261,0.15232646834477498,0.00034324942791762013,0,BurstGPT
burstgpt_8t.csv,ARC,400,2048,16,500,52440,16936,0.32295957284515636,0.32263539282990084,0.0003241800152555301,0,BurstGPT
burstgpt_8t.csv,LIRS,50,256,2,500,52440,1080,0.020594965675057208,0.02008009153318078,0.0005148741418764302,0,BurstGPT
burstgpt_8t.csv,LIRS,50,256,4,500,52440,3152,0.0601067887109077,0.05957284515636918,0.0005339435545385202,0,BurstGPT
burstgpt_8t.csv,LIRS,50,256,8,500,52440,7485,0.1427345537757437,0.14242944317315026,0.00030511060259344014,0,BurstGPT
burstgpt_8t.csv,LIRS,50,256,16,500,52440,15814,0.3015636918382914,0.3013348588863463,0.0002288329519450801,0,BurstGPT
burstgpt_8t.csv,LIRS,100,512,2,500,52440,1059,0.020194508009153317,0.0198512585812357,0.00034324942791762013,0,BurstGPT
burstgpt_8t.csv,LIRS,100,512,4,500,52440,3115,0.05940122044241038,0.059057971014492755,0.00034324942791762013,0,BurstGPT
burstgpt_8t.csv,LIRS,100,512,8,500,52440,7337,0.13991228070175438,0.13962623951182304,0.0002860411899313501,0,BurstGPT
burstgpt_8t.csv,LIRS,100,512,16,500,52440,15498,0.29553775743707095,0.29532799389778797,0.00020976353928299008,0,BurstGPT
burstgpt_8t.csv,LIRS,200,1024,2,500,52440,1051,0.020041952707856598,0.019717772692601068,0.0003241800152555301,0,BurstGPT
burstgpt_8t.csv,LIRS,200,1024,4,500,52440,3101,0.059134248665141116,0.05873379099923722,0.00040045766590389014,0,BurstGPT
burstgpt_8t.csv,LIRS,200,1024,8,500,52440,7293,0.13907322654462242,0.13872997711670482,0.00034324942791762013,0,BurstGPT
burstgpt_8t.csv,LIRS,200,1024,16,500,52440,15381,0.2933066361556064,0.29300152555301295,0.00030511060259344014,0,BurstGPT
burstgpt_8t.csv,LIRS,400,2048,2,500,52440,1040,0.019832189168573607,0.019508009153318077,0.0003241800152555301,0,BurstGPT
burstgpt_8t.csv,LIRS,400,2048,4,500,52440,3068,0.058504958047292145,0.05810450038138825,0.00040045766590389014,0,BurstGPT
burstgpt_8t.csv,LIRS,400,2048,8,500,52440,7219,0.13766209000762777,0.13731884057971014,0.00034324942791762013,0,BurstGPT
burstgpt_8t.csv,LIRS,400,2048,16,500,52440,15246,0.29073226544622427,0.2904271548436308,0.00030511060259344014,0,BurstGPT
burstgpt_8t.csv,SIEVE,50,256,2,500,52440,1055,0.02011823035850496,0.01979405034324943,0.0003241800152555301,0,BurstGPT
burstgpt_8t.csv,SIEVE,50,256,4,500,52440,3112,0.059344012204424104,0.05894355453852022,0.00040045766590389014,0,BurstGPT
burstgpt_8t.csv,SIEVE,50,256,8,500,52440,7349,0.14014111365369947,0.13979786422578186,0.00034324942791762013,0,BurstGPT
burstgpt_8t.csv,SIEVE,50,256,16,500,52440,15512,0.2958047292143402,0.2954805491990847,0.0003241800152555301,0,BurstGPT
burstgpt_8t.csv,SIEVE,100,512,2,500,52440,1054,0.020099160945842867,0.019774980930587337,0.0003241800152555301,0,BurstGPT
burstgpt_8t.csv,SIEVE,100,512,4,500,52440,3109,0.05928680396643783,0.058886346300533944,0.00040045766590389014,0,BurstGPT
burstgpt_8t.csv,SIEVE,100,512,8,500,52440,7326,0.1397025171624714,0.1393592677345538,0.00034324942791762013,0,BurstGPT
burstgpt_8t.csv,SIEVE,100,512,16,500,52440,15466,0.29492753623188406,0.29460335621662853,0.0003241800152555301,0,BurstGPT
burstgpt_8t.csv,SIEVE,200,1024,2,500,52440,1051,0.020041952707856598,0.019717772692601068,0.0003241800152555301,0,BurstGPT
burstgpt_8t.csv,SIEVE,200,1024,4,500,52440,3101,0.059134248665141116,0.05873379099923722,0.00040045766590389014,0,BurstGPT
burstgpt_8t.csv,SIEVE,200,1024,8,500,52440,7293,0.13907322654462242,0.13872997711670482,0.00034324942791762013,0,BurstGPT
burstgpt_8t.csv,SIEVE,200,1024,16,500,52440,15381,0.2933066361556064,0.29300152555301295,0.00030511060259344014,0,BurstGPT
burstgpt_8t.csv,SIEVE,400,2048,2,500,52440,1040,0.019832189168573607,0.019508009153318077,0.0003241800152555301,0,BurstGPT
burstgpt_8t.csv,SIEVE,400,2048,4,500,52440,3068,0.058504958047292145,0.05810450038138825,0.00040045766590389014,0,BurstGPT
burstgpt_8t.csv,SIEVE,400,2048,8,500,52440,7219,0.13766209000762777,0.13731884057971014,0.00034324942791762013,0,BurstGPT
burstgpt_8t.csv,SIEVE,400,2048,16,500,52440,15246,0.29073226544622427,0.2904271548436308,0.00030511060259344014,0,BurstGPT
azure_conv_8t.csv,LRU,50,256,2,500,79516,1611,0.020260073444338247,0.019744453946375574,0.0005156194979626742,79074,Azure-Conv
azure_conv_8t.csv,LRU,50,256,4,500,79516,4778,0.06008853564062579,0.059598068313295435,0.0004904673273303487,79074,Azure-Conv
azure_conv_8t.csv,LRU,50,256,8,500,79516,11319,0.14234870969364657,0.14192112279289704,0.0004275869007495347,79074,Azure-Conv
azure_conv_8t.csv,LRU,50,256,16,500,79516,23806,0.2993862870365713,0.29914734141556415,0.0002389456210070929,79074,Azure-Conv
azure_conv_8t.csv,LRU,100,512,2,500,79516,1611,0.020260073444338247,0.019744453946375574,0.0005156194979626742,78638,Azure-Conv
azure_conv_8t.csv,LRU,100,512,4,500,79516,4775,0.060050807384677295,0.05956034005734695,0.0004904673273303487,78638,Azure-Conv
azure_conv_8t.csv,LRU,100,512,8,500,79516,11297,0.14207203581669098,0.1416570250012576,0.0004150108154333719,78638,Azure-Conv
azure_conv_8t.csv,LRU,100,512,16,500,79516,23762,0.2988329392826601,0.298593993661653,0.0002389456210070929,78638,Azure-Conv
azure_conv_8t.csv,LRU,200,1024,2,500,79516,1607,0.020209769103073594,0.01969414960511092,0.0005156194979626742,77757,Azure-Conv
azure_conv_8t.csv,LRU,200,1024,4,500,79516,4766,0.05993762261683183,0.05943457920418532,0.0005030434126465114,77757,Azure-Conv
azure_conv_8t.csv,LRU,200,1024,8,500,79516,11265,0.14166960108657378,0.1412545902711404,0.0004150108154333719,77757,Azure-Conv
azure_conv_8t.csv,LRU,200,1024,16,500,79516,23676,0.2977513959454701,0.2974998742391468,0.0002515217063232557,77757,Azure-Conv
azure_conv_8t.csv,LRU,400,2048,2,500,79516,1592,0.020021127823331153,0.01954323658131697,0.0004778912420141858,75995,Azure-Conv
azure_conv_8t.csv,LRU,400,2048,4,500,79516,4733,0.05952261180139846,0.05901956838875195,0.0005030434126465114,75995,Azure-Conv
azure_conv_8t.csv,LRU,400,2048,8,500,79516,11192,0.1407515468584939,0.14032395995774435,0.0004275869007495347,75995,Azure-Conv
azure_conv_8t.csv,LRU,400,2048,16,500,79516,23541,0.2960536244277881,0.2957895266361487,0.0002640977916394185,75995,Azure-Conv
azure_conv_8t.csv,ARC,50,256,2,500,79516,1611,0.020260073444338247,0.019744453946375574,0.0005156194979626742,0,Azure-Conv
azure_conv_8t.csv,ARC,50,256,4,500,79516,4778,0.06008853564062579,0.059598068313295435,0.0004904673273303487,0,Azure-Conv
azure_conv_8t.csv,ARC,50,256,8,500,79516,11319,0.14234870969364657,0.14192112279289704,0.0004275869007495347,0,Azure-Conv
azure_conv_8t.csv,ARC,50,256,16,500,79516,23806,0.2993862870365713,0.29914734141556415,0.0002389456210070929,0,Azure-Conv
azure_conv_8t.csv,ARC,100,512,2,500,79516,1611,0.020260073444338247,0.019744453946375574,0.0005156194979626742,0,Azure-Conv
azure_conv_8t.csv,ARC,100,512,4,500,79516,4775,0.060050807384677295,0.05956034005734695,0.0004904673273303487,0,Azure-Conv
azure_conv_8t.csv,ARC,100,512,8,500,79516,11297,0.14207203581669098,0.1416570250012576,0.0004150108154333719,0,Azure-Conv
azure_conv_8t.csv,ARC,100,512,16,500,79516,23762,0.2988329392826601,0.298593993661653,0.0002389456210070929,0,Azure-Conv
azure_conv_8t.csv,ARC,200,1024,2,500,79516,1607,0.020209769103073594,0.01969414960511092,0.0005156194979626742,0,Azure-Conv
azure_conv_8t.csv,ARC,200,1024,4,500,79516,4766,0.05993762261683183,0.05943457920418532,0.0005030434126465114,0,Azure-Conv
azure_conv_8t.csv,ARC,200,1024,8,500,79516,11265,0.14166960108657378,0.1412545902711404,0.0004150108154333719,0,Azure-Conv
azure_conv_8t.csv,ARC,200,1024,16,500,79516,23676,0.2977513959454701,0.2974998742391468,0.0002515217063232557,0,Azure-Conv
azure_conv_8t.csv,ARC,400,2048,2,500,79516,1592,0.020021127823331153,0.01954323658131697,0.0004778912420141858,0,Azure-Conv
azure_conv_8t.csv,ARC,400,2048,4,500,79516,4733,0.05952261180139846,0.05901956838875195,0.0005030434126465114,0,Azure-Conv
azure_conv_8t.csv,ARC,400,2048,8,500,79516,11192,0.1407515468584939,0.14032395995774435,0.0004275869007495347,0,Azure-Conv
azure_conv_8t.csv,ARC,400,2048,16,500,79516,23541,0.2960536244277881,0.2957895266361487,0.0002640977916394185,0,Azure-Conv
azure_conv_8t.csv,LIRS,50,256,2,500,79516,1611,0.020260073444338247,0.019744453946375574,0.0005156194979626742,0,Azure-Conv
azure_conv_8t.csv,LIRS,50,256,4,500,79516,4778,0.06008853564062579,0.059598068313295435,0.0004904673273303487,0,Azure-Conv
azure_conv_8t.csv,LIRS,50,256,8,500,79516,11319,0.14234870969364657,0.14192112279289704,0.0004275869007495347,0,Azure-Conv
azure_conv_8t.csv,LIRS,50,256,16,500,79516,23806,0.2993862870365713,0.29914734141556415,0.0002389456210070929,0,Azure-Conv
azure_conv_8t.csv,LIRS,100,512,2,500,79516,1611,0.020260073444338247,0.019744453946375574,0.0005156194979626742,0,Azure-Conv
azure_conv_8t.csv,LIRS,100,512,4,500,79516,4775,0.060050807384677295,0.05956034005734695,0.0004904673273303487,0,Azure-Conv
azure_conv_8t.csv,LIRS,100,512,8,500,79516,11297,0.14207203581669098,0.1416570250012576,0.0004150108154333719,0,Azure-Conv
azure_conv_8t.csv,LIRS,100,512,16,500,79516,23762,0.2988329392826601,0.298593993661653,0.0002389456210070929,0,Azure-Conv
azure_conv_8t.csv,LIRS,200,1024,2,500,79516,1607,0.020209769103073594,0.01969414960511092,0.0005156194979626742,0,Azure-Conv
azure_conv_8t.csv,LIRS,200,1024,4,500,79516,4766,0.05993762261683183,0.05943457920418532,0.0005030434126465114,0,Azure-Conv
azure_conv_8t.csv,LIRS,200,1024,8,500,79516,11265,0.14166960108657378,0.1412545902711404,0.0004150108154333719,0,Azure-Conv
azure_conv_8t.csv,LIRS,200,1024,16,500,79516,23676,0.2977513959454701,0.2974998742391468,0.0002515217063232557,0,Azure-Conv
azure_conv_8t.csv,LIRS,400,2048,2,500,79516,1592,0.020021127823331153,0.01954323658131697,0.0004778912420141858,0,Azure-Conv
azure_conv_8t.csv,LIRS,400,2048,4,500,79516,4733,0.05952261180139846,0.05901956838875195,0.0005030434126465114,0,Azure-Conv
azure_conv_8t.csv,LIRS,400,2048,8,500,79516,11192,0.1407515468584939,0.14032395995774435,0.0004275869007495347,0,Azure-Conv
azure_conv_8t.csv,LIRS,400,2048,16,500,79516,23541,0.2960536244277881,0.2957895266361487,0.0002640977916394185,0,Azure-Conv
azure_conv_8t.csv,SIEVE,50,256,2,500,79516,1611,0.020260073444338247,0.019744453946375574,0.0005156194979626742,0,Azure-Conv
azure_conv_8t.csv,SIEVE,50,256,4,500,79516,4778,0.06008853564062579,0.059598068313295435,0.0004904673273303487,0,Azure-Conv
azure_conv_8t.csv,SIEVE,50,256,8,500,79516,11319,0.14234870969364657,0.14192112279289704,0.0004275869007495347,0,Azure-Conv
azure_conv_8t.csv,SIEVE,50,256,16,500,79516,23806,0.2993862870365713,0.29914734141556415,0.0002389456210070929,0,Azure-Conv
azure_conv_8t.csv,SIEVE,100,512,2,500,79516,1611,0.020260073444338247,0.019744453946375574,0.0005156194979626742,0,Azure-Conv
azure_conv_8t.csv,SIEVE,100,512,4,500,79516,4775,0.060050807384677295,0.05956034005734695,0.0004904673273303487,0,Azure-Conv
azure_conv_8t.csv,SIEVE,100,512,8,500,79516,11297,0.14207203581669098,0.1416570250012576,0.0004150108154333719,0,Azure-Conv
azure_conv_8t.csv,SIEVE,100,512,16,500,79516,23762,0.2988329392826601,0.298593993661653,0.0002389456210070929,0,Azure-Conv
azure_conv_8t.csv,SIEVE,200,1024,2,500,79516,1607,0.020209769103073594,0.01969414960511092,0.0005156194979626742,0,Azure-Conv
azure_conv_8t.csv,SIEVE,200,1024,4,500,79516,4766,0.05993762261683183,0.05943457920418532,0.0005030434126465114,0,Azure-Conv
azure_conv_8t.csv,SIEVE,200,1024,8,500,79516,11265,0.14166960108657378,0.1412545902711404,0.0004150108154333719,0,Azure-Conv
azure_conv_8t.csv,SIEVE,200,1024,16,500,79516,23676,0.2977513959454701,0.2974998742391468,0.0002515217063232557,0,Azure-Conv
azure_conv_8t.csv,SIEVE,400,2048,2,500,79516,1592,0.020021127823331153,0.01954323658131697,0.0004778912420141858,0,Azure-Conv
azure_conv_8t.csv,SIEVE,400,2048,4,500,79516,4733,0.05952261180139846,0.05901956838875195,0.0005030434126465114,0,Azure-Conv
azure_conv_8t.csv,SIEVE,400,2048,8,500,79516,11192,0.1407515468584939,0.14032395995774435,0.0004275869007495347,0,Azure-Conv
azure_conv_8t.csv,SIEVE,400,2048,16,500,79516,23541,0.2960536244277881,0.2957895266361487,0.0002640977916394185,0,Azure-Conv
trie_agentic_8t.csv,LRU,50,256,2,500,160000,193,0.00120625,0.00118125,2.5e-05,10252,trie-Agentic
trie_agentic_8t.csv,LRU,50,256,4,500,160000,584,0.00365,0.003625,2.5e-05,10252,trie-Agentic
trie_agentic_8t.csv,LRU,50,256,8,500,160000,1496,0.00935,0.009325,2.5e-05,10252,trie-Agentic
trie_agentic_8t.csv,LRU,50,256,16,500,160000,3127,0.01954375,0.01951875,2.5e-05,10252,trie-Agentic
trie_agentic_8t.csv,LRU,100,512,2,500,160000,192,0.0012,0.001175,2.5e-05,9816,trie-Agentic
trie_agentic_8t.csv,LRU,100,512,4,500,160000,581,0.00363125,0.00360625,2.5e-05,9816,trie-Agentic
trie_agentic_8t.csv,LRU,100,512,8,500,160000,1474,0.0092125,0.0091875,2.5e-05,9816,trie-Agentic
trie_agentic_8t.csv,LRU,100,512,16,500,160000,3080,0.01925,0.019225,2.5e-05,9816,trie-Agentic
trie_agentic_8t.csv,LRU,200,1024,2,500,160000,189,0.00118125,0.00115625,2.5e-05,8937,trie-Agentic
trie_agentic_8t.csv,LRU,200,1024,4,500,160000,574,0.0035875,0.0035625,2.5e-05,8937,trie-Agentic
trie_agentic_8t.csv,LRU,200,1024,8,500,160000,1441,0.00900625,0.00898125,2.5e-05,8937,trie-Agentic
trie_agentic_8t.csv,LRU,200,1024,16,500,160000,2995,0.01871875,0.01869375,2.5e-05,8937,trie-Agentic
trie_agentic_8t.csv,LRU,400,2048,2,500,160000,177,0.00110625,0.00108125,2.5e-05,7257,trie-Agentic
trie_agentic_8t.csv,LRU,400,2048,4,500,160000,535,0.00334375,0.00331875,2.5e-05,7257,trie-Agentic
trie_agentic_8t.csv,LRU,400,2048,8,500,160000,1366,0.0085375,0.0085125,2.5e-05,7257,trie-Agentic
trie_agentic_8t.csv,LRU,400,2048,16,500,160000,2845,0.01778125,0.01775625,2.5e-05,7257,trie-Agentic
trie_agentic_8t.csv,ARC,50,256,2,500,160000,143,0.00089375,0.0008625,3.125e-05,0,trie-Agentic
trie_agentic_8t.csv,ARC,50,256,4,500,160000,410,0.0025625,0.00253125,3.125e-05,0,trie-Agentic
trie_agentic_8t.csv,ARC,50,256,8,500,160000,1018,0.0063625,0.00633125,3.125e-05,0,trie-Agentic
trie_agentic_8t.csv,ARC,50,256,16,500,160000,2249,0.01405625,0.01403125,2.5e-05,0,trie-Agentic
trie_agentic_8t.csv,ARC,100,512,2,500,160000,143,0.00089375,0.00084375,5e-05,0,trie-Agentic
trie_agentic_8t.csv,ARC,100,512,4,500,160000,403,0.00251875,0.00246875,5e-05,0,trie-Agentic
trie_agentic_8t.csv,ARC,100,512,8,500,160000,994,0.0062125,0.006175,3.75e-05,0,trie-Agentic
trie_agentic_8t.csv,ARC,100,512,16,500,160000,2199,0.01374375,0.01370625,3.75e-05,0,trie-Agentic
trie_agentic_8t.csv,ARC,200,1024,2,500,160000,140,0.000875,0.000825,5e-05,0,trie-Agentic
trie_agentic_8t.csv,ARC,200,1024,4,500,160000,396,0.002475,0.002425,5e-05,0,trie-Agentic
trie_agentic_8t.csv,ARC,200,1024,8,500,160000,963,0.00601875,0.00598125,3.75e-05,0,trie-Agentic
trie_agentic_8t.csv,ARC,200,1024,16,500,160000,2120,0.01325,0.0132125,3.75e-05,0,trie-Agentic
trie_agentic_8t.csv,ARC,400,2048,2,500,160000,133,0.00083125,0.00078125,5e-05,0,trie-Agentic
trie_agentic_8t.csv,ARC,400,2048,4,500,160000,384,0.0024,0.00235,5e-05,0,trie-Agentic
trie_agentic_8t.csv,ARC,400,2048,8,500,160000,939,0.00586875,0.00583125,3.75e-05,0,trie-Agentic
trie_agentic_8t.csv,ARC,400,2048,16,500,160000,2058,0.0128625,0.012825,3.75e-05,0,trie-Agentic
trie_agentic_8t.csv,LIRS,50,256,2,500,160000,226,0.0014125,0.0013,0.0001125,0,trie-Agentic
trie_agentic_8t.csv,LIRS,50,256,4,500,160000,665,0.00415625,0.00403125,0.000125,0,trie-Agentic
trie_agentic_8t.csv,LIRS,50,256,8,500,160000,1662,0.0103875,0.01026875,0.00011875,0,trie-Agentic
trie_agentic_8t.csv,LIRS,50,256,16,500,160000,3483,0.02176875,0.0216375,0.00013125,0,trie-Agentic
trie_agentic_8t.csv,LIRS,100,512,2,500,160000,220,0.001375,0.0012125,0.0001625,0,trie-Agentic
trie_agentic_8t.csv,LIRS,100,512,4,500,160000,631,0.00394375,0.00375,0.00019375,0,trie-Agentic
trie_agentic_8t.csv,LIRS,100,512,8,500,160000,1560,0.00975,0.00958125,0.00016875,0,trie-Agentic
trie_agentic_8t.csv,LIRS,100,512,16,500,160000,3247,0.02029375,0.0201375,0.00015625,0,trie-Agentic
trie_agentic_8t.csv,LIRS,200,1024,2,500,160000,218,0.0013625,0.00119375,0.00016875,0,trie-Agentic
trie_agentic_8t.csv,LIRS,200,1024,4,500,160000,616,0.00385,0.003675,0.000175,0,trie-Agentic
trie_agentic_8t.csv,LIRS,200,1024,8,500,160000,1498,0.0093625,0.00921875,0.00014375,0,trie-Agentic
trie_agentic_8t.csv,LIRS,200,1024,16,500,160000,3092,0.019325,0.01918125,0.00014375,0,trie-Agentic
trie_agentic_8t.csv,LIRS,400,2048,2,500,160000,199,0.00124375,0.001125,0.00011875,0,trie-Agentic
trie_agentic_8t.csv,LIRS,400,2048,4,500,160000,573,0.00358125,0.0034375,0.00014375,0,trie-Agentic
trie_agentic_8t.csv,LIRS,400,2048,8,500,160000,1424,0.0089,0.00879375,0.00010625,0,trie-Agentic
trie_agentic_8t.csv,LIRS,400,2048,16,500,160000,2946,0.0184125,0.0183125,0.0001,0,trie-Agentic
trie_agentic_8t.csv,SIEVE,50,256,2,500,160000,3184,0.0199,0.01945625,0.00044375,0,trie-Agentic
trie_agentic_8t.csv,SIEVE,50,256,4,500,160000,9458,0.0591125,0.0587625,0.00035,0,trie-Agentic
trie_agentic_8t.csv,SIEVE,50,256,8,500,160000,22355,0.13971875,0.13938125,0.0003375,0,trie-Agentic
trie_agentic_8t.csv,SIEVE,50,256,16,500,160000,47476,0.296725,0.29640625,0.00031875,0,trie-Agentic
trie_agentic_8t.csv,SIEVE,100,512,2,500,160000,3039,0.01899375,0.01845625,0.0005375,0,trie-Agentic
trie_agentic_8t.csv,SIEVE,100,512,4,500,160000,9031,0.05644375,0.0559,0.00054375,0,trie-Agentic
trie_agentic_8t.csv,SIEVE,100,512,8,500,160000,21324,0.133275,0.13293125,0.00034375,0,trie-Agentic
trie_agentic_8t.csv,SIEVE,100,512,16,500,160000,45283,0.28301875,0.2827375,0.00028125,0,trie-Agentic
trie_agentic_8t.csv,SIEVE,200,1024,2,500,160000,2904,0.01815,0.0177,0.00045,0,trie-Agentic
trie_agentic_8t.csv,SIEVE,200,1024,4,500,160000,8625,0.05390625,0.05353125,0.000375,0,trie-Agentic
trie_agentic_8t.csv,SIEVE,200,1024,8,500,160000,20362,0.1272625,0.12690625,0.00035625,0,trie-Agentic
trie_agentic_8t.csv,SIEVE,200,1024,16,500,160000,43223,0.27014375,0.26985625,0.0002875,0,trie-Agentic
trie_agentic_8t.csv,SIEVE,400,2048,2,500,160000,2676,0.016725,0.016275,0.00045,0,trie-Agentic
trie_agentic_8t.csv,SIEVE,400,2048,4,500,160000,7964,0.049775,0.04935,0.000425,0,trie-Agentic
trie_agentic_8t.csv,SIEVE,400,2048,8,500,160000,18863,0.11789375,0.11754375,0.00035,0,trie-Agentic
trie_agentic_8t.csv,SIEVE,400,2048,16,500,160000,40000,0.25,0.24973125,0.00026875,0,trie-Agentic
trie_office_8t.csv,LRU,50,256,2,500,160000,74,0.0004625,0.0004375,2.5e-05,3852,trie-Office
trie_office_8t.csv,LRU,50,256,4,500,160000,220,0.001375,0.00135,2.5e-05,3852,trie-Office
trie_office_8t.csv,LRU,50,256,8,500,160000,572,0.003575,0.00355,2.5e-05,3852,trie-Office
trie_office_8t.csv,LRU,50,256,16,500,160000,1229,0.00768125,0.00765625,2.5e-05,3852,trie-Office
trie_office_8t.csv,LRU,100,512,2,500,160000,74,0.0004625,0.0004375,2.5e-05,3418,trie-Office
trie_office_8t.csv,LRU,100,512,4,500,160000,217,0.00135625,0.00133125,2.5e-05,3418,trie-Office
trie_office_8t.csv,LRU,100,512,8,500,160000,549,0.00343125,0.00340625,2.5e-05,3418,trie-Office
trie_office_8t.csv,LRU,100,512,16,500,160000,1184,0.0074,0.007375,2.5e-05,3418,trie-Office
trie_office_8t.csv,LRU,200,1024,2,500,160000,71,0.00044375,0.00041875,2.5e-05,2588,trie-Office
trie_office_8t.csv,LRU,200,1024,4,500,160000,206,0.0012875,0.0012625,2.5e-05,2588,trie-Office
trie_office_8t.csv,LRU,200,1024,8,500,160000,515,0.00321875,0.00319375,2.5e-05,2588,trie-Office
trie_office_8t.csv,LRU,200,1024,16,500,160000,1096,0.00685,0.006825,2.5e-05,2588,trie-Office
trie_office_8t.csv,LRU,400,2048,2,500,160000,58,0.0003625,0.0003375,2.5e-05,1096,trie-Office
trie_office_8t.csv,LRU,400,2048,4,500,160000,163,0.00101875,0.00099375,2.5e-05,1096,trie-Office
trie_office_8t.csv,LRU,400,2048,8,500,160000,433,0.00270625,0.00268125,2.5e-05,1096,trie-Office
trie_office_8t.csv,LRU,400,2048,16,500,160000,933,0.00583125,0.00580625,2.5e-05,1096,trie-Office
trie_office_8t.csv,ARC,50,256,2,500,160000,66,0.0004125,0.00038125,3.125e-05,0,trie-Office
trie_office_8t.csv,ARC,50,256,4,500,160000,162,0.0010125,0.0009875,2.5e-05,0,trie-Office
trie_office_8t.csv,ARC,50,256,8,500,160000,403,0.00251875,0.00249375,2.5e-05,0,trie-Office
trie_office_8t.csv,ARC,50,256,16,500,160000,876,0.005475,0.00545,2.5e-05,0,trie-Office
trie_office_8t.csv,ARC,100,512,2,500,160000,66,0.0004125,0.000375,3.75e-05,0,trie-Office
trie_office_8t.csv,ARC,100,512,4,500,160000,161,0.00100625,0.000975,3.125e-05,0,trie-Office
trie_office_8t.csv,ARC,100,512,8,500,160000,382,0.0023875,0.0023625,2.5e-05,0,trie-Office
trie_office_8t.csv,ARC,100,512,16,500,160000,835,0.00521875,0.0051875,3.125e-05,0,trie-Office
trie_office_8t.csv,ARC,200,1024,2,500,160000,64,0.0004,0.0003625,3.75e-05,0,trie-Office
trie_office_8t.csv,ARC,200,1024,4,500,160000,159,0.00099375,0.0009625,3.125e-05,0,trie-Office
trie_office_8t.csv,ARC,200,1024,8,500,160000,366,0.0022875,0.0022625,2.5e-05,0,trie-Office
trie_office_8t.csv,ARC,200,1024,16,500,160000,788,0.004925,0.00489375,3.125e-05,0,trie-Office
trie_office_8t.csv,ARC,400,2048,2,500,160000,56,0.00035,0.00030625,4.375e-05,0,trie-Office
trie_office_8t.csv,ARC,400,2048,4,500,160000,135,0.00084375,0.0008,4.375e-05,0,trie-Office
trie_office_8t.csv,ARC,400,2048,8,500,160000,331,0.00206875,0.0020375,3.125e-05,0,trie-Office
trie_office_8t.csv,ARC,400,2048,16,500,160000,723,0.00451875,0.0044875,3.125e-05,0,trie-Office
trie_office_8t.csv,LIRS,50,256,2,500,160000,105,0.00065625,0.000525,0.00013125,0,trie-Office
trie_office_8t.csv,LIRS,50,256,4,500,160000,281,0.00175625,0.00163125,0.000125,0,trie-Office
trie_office_8t.csv,LIRS,50,256,8,500,160000,666,0.0041625,0.004025,0.0001375,0,trie-Office
trie_office_8t.csv,LIRS,50,256,16,500,160000,1426,0.0089125,0.00879375,0.00011875,0,trie-Office
trie_office_8t.csv,LIRS,100,512,2,500,160000,105,0.00065625,0.00050625,0.00015,0,trie-Office
trie_office_8t.csv,LIRS,100,512,4,500,160000,263,0.00164375,0.0015125,0.00013125,0,trie-Office
trie_office_8t.csv,LIRS,100,512,8,500,160000,621,0.00388125,0.00373125,0.00015,0,trie-Office
trie_office_8t.csv,LIRS,100,512,16,500,160000,1324,0.008275,0.00814375,0.00013125,0,trie-Office
trie_office_8t.csv,LIRS,200,1024,2,500,160000,99,0.00061875,0.000475,0.00014375,0,trie-Office
trie_office_8t.csv,LIRS,200,1024,4,500,160000,247,0.00154375,0.00140625,0.0001375,0,trie-Office
trie_office_8t.csv,LIRS,200,1024,8,500,160000,576,0.0036,0.0034625,0.0001375,0,trie-Office
trie_office_8t.csv,LIRS,200,1024,16,500,160000,1198,0.0074875,0.007375,0.0001125,0,trie-Office
trie_office_8t.csv,LIRS,400,2048,2,500,160000,76,0.000475,0.0003625,0.0001125,0,trie-Office
trie_office_8t.csv,LIRS,400,2048,4,500,160000,184,0.00115,0.00106875,8.125e-05,0,trie-Office
trie_office_8t.csv,LIRS,400,2048,8,500,160000,469,0.00293125,0.00285,8.125e-05,0,trie-Office
trie_office_8t.csv,LIRS,400,2048,16,500,160000,997,0.00623125,0.00615625,7.5e-05,0,trie-Office
trie_office_8t.csv,SIEVE,50,256,2,500,160000,3081,0.01925625,0.018825,0.00043125,0,trie-Office
trie_office_8t.csv,SIEVE,50,256,4,500,160000,9167,0.05729375,0.0568,0.00049375,0,trie-Office
trie_office_8t.csv,SIEVE,50,256,8,500,160000,21649,0.13530625,0.1349,0.00040625,0,trie-Office
trie_office_8t.csv,SIEVE,50,256,16,500,160000,45942,0.2871375,0.286825,0.0003125,0,trie-Office
trie_office_8t.csv,SIEVE,100,512,2,500,160000,2866,0.0179125,0.01754375,0.00036875,0,trie-Office
trie_office_8t.csv,SIEVE,100,512,4,500,160000,8554,0.0534625,0.05308125,0.00038125,0,trie-Office
trie_office_8t.csv,SIEVE,100,512,8,500,160000,20217,0.12635625,0.12601875,0.0003375,0,trie-Office
trie_office_8t.csv,SIEVE,100,512,16,500,160000,42874,0.2679625,0.2677,0.0002625,0,trie-Office
trie_office_8t.csv,SIEVE,200,1024,2,500,160000,2506,0.0156625,0.01531875,0.00034375,0,trie-Office
trie_office_8t.csv,SIEVE,200,1024,4,500,160000,7497,0.04685625,0.046525,0.00033125,0,trie-Office
trie_office_8t.csv,SIEVE,200,1024,8,500,160000,17752,0.11095,0.11064375,0.00030625,0,trie-Office
trie_office_8t.csv,SIEVE,200,1024,16,500,160000,37537,0.23460625,0.2343875,0.00021875,0,trie-Office
trie_office_8t.csv,SIEVE,400,2048,2,500,160000,1394,0.0087125,0.00849375,0.00021875,0,trie-Office
trie_office_8t.csv,SIEVE,400,2048,4,500,160000,4119,0.02574375,0.0254875,0.00025625,0,trie-Office
trie_office_8t.csv,SIEVE,400,2048,8,500,160000,9695,0.06059375,0.06038125,0.0002125,0,trie-Office
trie_office_8t.csv,SIEVE,400,2048,16,500,160000,20421,0.12763125,0.1274625,0.00016875,0,trie-Office
